SYNTH_ID,PERSON_SET
SYN_000001,HOLDOUT
SYN_000002,DEVELOPMENT
SYN_000003,DEVELOPMENT
SYN_000004,DEVELOPMENT
SYN_000005,HOLDOUT
SYN_000006,DEVELOPMENT
SYN_000007,HOLDOUT
SYN_000008,HOLDOUT
SYN_000009,DEVELOPMENT
SYN_000010,DEVELOPMENT
SYN_000011,DEVELOPMENT
SYN_000012,DEVELOPMENT
SYN_000013,DEVELOPMENT
SYN_000014,DEVELOPMENT
SYN_000015,DEVELOPMENT
SYN_000016,DEVELOPMENT
SYN_000017,DEVELOPMENT
SYN_000018,DEVELOPMENT
SYN_000019,HOLDOUT
SYN_000020,DEVELOPMENT
SYN_000021,DEVELOPMENT
SYN_000022,DEVELOPMENT
SYN_000023,DEVELOPMENT
SYN_000024,DEVELOPMENT
SYN_000025,HOLDOUT
SYN_000026,DEVELOPMENT
SYN_000027,DEVELOPMENT
SYN_000028,DEVELOPMENT
SYN_000029,HOLDOUT
SYN_000030,DEVELOPMENT
SYN_000031,DEVELOPMENT
SYN_000032,DEVELOPMENT
SYN_000033,DEVELOPMENT
SYN_000034,DEVELOPMENT
SYN_000035,DEVELOPMENT
SYN_000036,DEVELOPMENT
SYN_000037,DEVELOPMENT
SYN_000038,DEVELOPMENT
SYN_000039,DEVELOPMENT
SYN_000040,DEVELOPMENT
SYN_000041,DEVELOPMENT
SYN_000042,DEVELOPMENT
SYN_000043,DEVELOPMENT
SYN_000044,DEVELOPMENT
SYN_000045,HOLDOUT
SYN_000046,DEVELOPMENT
SYN_000047,DEVELOPMENT
SYN_000048,DEVELOPMENT
SYN_000049,DEVELOPMENT
SYN_000050,DEVELOPMENT
SYN_000051,HOLDOUT
SYN_000052,DEVELOPMENT
SYN_000053,DEVELOPMENT
SYN_000054,DEVELOPMENT
SYN_000055,DEVELOPMENT
SYN_000056,DEVELOPMENT
SYN_000057,DEVELOPMENT
SYN_000058,DEVELOPMENT
SYN_000059,DEVELOPMENT
SYN_000060,DEVELOPMENT
SYN_000061,HOLDOUT
SYN_000062,DEVELOPMENT
SYN_000063,DEVELOPMENT
SYN_000064,DEVELOPMENT
SYN_000065,DEVELOPMENT
SYN_000066,HOLDOUT
SYN_000067,HOLDOUT
SYN_000068,DEVELOPMENT
SYN_000069,DEVELOPMENT
SYN_000070,DEVELOPMENT
SYN_000071,HOLDOUT
SYN_000072,DEVELOPMENT
SYN_000073,DEVELOPMENT
SYN_000074,DEVELOPMENT
SYN_000075,DEVELOPMENT
SYN_000076,DEVELOPMENT
SYN_000077,HOLDOUT
SYN_000078,DEVELOPMENT
SYN_000079,DEVELOPMENT
SYN_000080,DEVELOPMENT
SYN_000081,DEVELOPMENT
SYN_000082,DEVELOPMENT
SYN_000083,DEVELOPMENT
SYN_000084,DEVELOPMENT
SYN_000085,HOLDOUT
SYN_000086,DEVELOPMENT
SYN_000087,DEVELOPMENT
SYN_000088,DEVELOPMENT
SYN_000089,DEVELOPMENT
SYN_000090,DEVELOPMENT
SYN_000091,DEVELOPMENT
SYN_000092,DEVELOPMENT
SYN_000093,DEVELOPMENT
SYN_000094,DEVELOPMENT
SYN_000095,HOLDOUT
SYN_000096,DEVELOPMENT
SYN_000097,DEVELOPMENT
SYN_000098,DEVELOPMENT
SYN_000099,DEVELOPMENT
SYN_000100,DEVELOPMENT
SYN_000101,DEVELOPMENT
SYN_000102,DEVELOPMENT
SYN_000103,DEVELOPMENT
SYN_000104,DEVELOPMENT
SYN_000105,HOLDOUT
SYN_000106,DEVELOPMENT
SYN_000107,DEVELOPMENT
SYN_000108,DEVELOPMENT
SYN_000109,DEVELOPMENT
SYN_000110,DEVELOPMENT
SYN_000111,HOLDOUT
SYN_000112,DEVELOPMENT
SYN_000113,DEVELOPMENT
SYN_000114,DEVELOPMENT
SYN_000115,DEVELOPMENT
SYN_000116,HOLDOUT
SYN_000117,DEVELOPMENT
SYN_000118,DEVELOPMENT
SYN_000119,DEVELOPMENT
SYN_000120,DEVELOPMENT
SYN_000121,DEVELOPMENT
SYN_000122,HOLDOUT
SYN_000123,DEVELOPMENT
SYN_000124,DEVELOPMENT
SYN_000125,DEVELOPMENT
SYN_000126,DEVELOPMENT
SYN_000127,DEVELOPMENT
SYN_000128,DEVELOPMENT
SYN_000129,DEVELOPMENT
SYN_000130,DEVELOPMENT
SYN_000131,DEVELOPMENT
SYN_000132,DEVELOPMENT
SYN_000133,DEVELOPMENT
SYN_000134,HOLDOUT
SYN_000135,HOLDOUT
SYN_000136,HOLDOUT
SYN_000137,DEVELOPMENT
SYN_000138,DEVELOPMENT
SYN_000139,DEVELOPMENT
SYN_000140,HOLDOUT
SYN_000141,HOLDOUT
SYN_000142,DEVELOPMENT
SYN_000143,DEVELOPMENT
SYN_000144,DEVELOPMENT
SYN_000145,HOLDOUT
SYN_000146,DEVELOPMENT
SYN_000147,DEVELOPMENT
SYN_000148,HOLDOUT
SYN_000149,DEVELOPMENT
SYN_000150,DEVELOPMENT
SYN_000151,DEVELOPMENT
SYN_000152,DEVELOPMENT
SYN_000153,DEVELOPMENT
SYN_000154,DEVELOPMENT
SYN_000155,DEVELOPMENT
SYN_000156,DEVELOPMENT
SYN_000157,HOLDOUT
SYN_000158,DEVELOPMENT
SYN_000159,DEVELOPMENT
SYN_000160,DEVELOPMENT
SYN_000161,HOLDOUT
SYN_000162,HOLDOUT
SYN_000163,HOLDOUT
SYN_000164,HOLDOUT
SYN_000165,DEVELOPMENT
SYN_000166,HOLDOUT
SYN_000167,DEVELOPMENT
SYN_000168,HOLDOUT
SYN_000169,HOLDOUT
SYN_000170,DEVELOPMENT
SYN_000171,HOLDOUT
SYN_000172,DEVELOPMENT
SYN_000173,DEVELOPMENT
SYN_000174,DEVELOPMENT
SYN_000175,DEVELOPMENT
SYN_000176,HOLDOUT
SYN_000177,DEVELOPMENT
SYN_000178,DEVELOPMENT
SYN_000179,HOLDOUT
SYN_000180,DEVELOPMENT
SYN_000181,DEVELOPMENT
SYN_000182,DEVELOPMENT
SYN_000183,DEVELOPMENT
SYN_000184,DEVELOPMENT
SYN_000185,DEVELOPMENT
SYN_000186,DEVELOPMENT
SYN_000187,DEVELOPMENT
SYN_000188,HOLDOUT
SYN_000189,DEVELOPMENT
SYN_000190,DEVELOPMENT
SYN_000191,DEVELOPMENT
SYN_000192,HOLDOUT
SYN_000193,DEVELOPMENT
SYN_000194,HOLDOUT
SYN_000195,DEVELOPMENT
SYN_000196,DEVELOPMENT
SYN_000197,DEVELOPMENT
SYN_000198,DEVELOPMENT
SYN_000199,DEVELOPMENT
SYN_000200,HOLDOUT
SYN_000201,DEVELOPMENT
SYN_000202,DEVELOPMENT
SYN_000203,DEVELOPMENT
SYN_000204,DEVELOPMENT
SYN_000205,HOLDOUT
SYN_000206,DEVELOPMENT
SYN_000207,HOLDOUT
SYN_000208,DEVELOPMENT
SYN_000209,DEVELOPMENT
SYN_000210,DEVELOPMENT
SYN_000211,DEVELOPMENT
SYN_000212,DEVELOPMENT
SYN_000213,DEVELOPMENT
SYN_000214,HOLDOUT
SYN_000215,DEVELOPMENT
SYN_000216,DEVELOPMENT
SYN_000217,DEVELOPMENT
SYN_000218,DEVELOPMENT
SYN_000219,DEVELOPMENT
SYN_000220,DEVELOPMENT
SYN_000221,DEVELOPMENT
SYN_000222,DEVELOPMENT
SYN_000223,HOLDOUT
SYN_000224,DEVELOPMENT
SYN_000225,DEVELOPMENT
SYN_000226,DEVELOPMENT
SYN_000227,DEVELOPMENT
SYN_000228,DEVELOPMENT
SYN_000229,HOLDOUT
SYN_000230,DEVELOPMENT
SYN_000231,DEVELOPMENT
SYN_000232,HOLDOUT
SYN_000233,DEVELOPMENT
SYN_000234,DEVELOPMENT
SYN_000235,DEVELOPMENT
SYN_000236,DEVELOPMENT
SYN_000237,HOLDOUT
SYN_000238,DEVELOPMENT
SYN_000239,HOLDOUT
SYN_000240,DEVELOPMENT
SYN_000241,HOLDOUT
SYN_000242,HOLDOUT
SYN_000243,DEVELOPMENT
SYN_000244,DEVELOPMENT
SYN_000245,DEVELOPMENT
SYN_000246,HOLDOUT
SYN_000247,DEVELOPMENT
SYN_000248,DEVELOPMENT
SYN_000249,HOLDOUT
SYN_000250,DEVELOPMENT
SYN_000251,DEVELOPMENT
SYN_000252,DEVELOPMENT
SYN_000253,HOLDOUT
SYN_000254,DEVELOPMENT
SYN_000255,DEVELOPMENT
SYN_000256,DEVELOPMENT
SYN_000257,DEVELOPMENT
SYN_000258,DEVELOPMENT
SYN_000259,DEVELOPMENT
SYN_000260,DEVELOPMENT
SYN_000261,DEVELOPMENT
SYN_000262,DEVELOPMENT
SYN_000263,DEVELOPMENT
SYN_000264,DEVELOPMENT
SYN_000265,DEVELOPMENT
SYN_000266,DEVELOPMENT
SYN_000267,DEVELOPMENT
SYN_000268,HOLDOUT
SYN_000269,DEVELOPMENT
SYN_000270,DEVELOPMENT
SYN_000271,HOLDOUT
SYN_000272,DEVELOPMENT
SYN_000273,DEVELOPMENT
SYN_000274,DEVELOPMENT
SYN_000275,DEVELOPMENT
SYN_000276,HOLDOUT
SYN_000277,HOLDOUT
SYN_000278,DEVELOPMENT
SYN_000279,DEVELOPMENT
SYN_000280,HOLDOUT
SYN_000281,HOLDOUT
SYN_000282,DEVELOPMENT
SYN_000283,HOLDOUT
SYN_000284,DEVELOPMENT
SYN_000285,DEVELOPMENT
SYN_000286,HOLDOUT
SYN_000287,HOLDOUT
SYN_000288,HOLDOUT
SYN_000289,DEVELOPMENT
SYN_000290,DEVELOPMENT
SYN_000291,DEVELOPMENT
SYN_000292,HOLDOUT
SYN_000293,DEVELOPMENT
SYN_000294,DEVELOPMENT
SYN_000295,DEVELOPMENT
SYN_000296,DEVELOPMENT
SYN_000297,DEVELOPMENT
SYN_000298,DEVELOPMENT
SYN_000299,DEVELOPMENT
SYN_000300,DEVELOPMENT
SYN_000301,DEVELOPMENT
SYN_000302,DEVELOPMENT
SYN_000303,DEVELOPMENT
SYN_000304,HOLDOUT
SYN_000305,HOLDOUT
SYN_000306,DEVELOPMENT
SYN_000307,DEVELOPMENT
SYN_000308,DEVELOPMENT
SYN_000309,DEVELOPMENT
SYN_000310,DEVELOPMENT
SYN_000311,DEVELOPMENT
SYN_000312,DEVELOPMENT
SYN_000313,DEVELOPMENT
SYN_000314,DEVELOPMENT
SYN_000315,DEVELOPMENT
SYN_000316,DEVELOPMENT
SYN_000317,DEVELOPMENT
SYN_000318,DEVELOPMENT
SYN_000319,DEVELOPMENT
SYN_000320,DEVELOPMENT
SYN_000321,DEVELOPMENT
SYN_000322,DEVELOPMENT
SYN_000323,DEVELOPMENT
SYN_000324,DEVELOPMENT
SYN_000325,HOLDOUT
SYN_000326,DEVELOPMENT
SYN_000327,DEVELOPMENT
SYN_000328,DEVELOPMENT
SYN_000329,DEVELOPMENT
SYN_000330,DEVELOPMENT
SYN_000331,DEVELOPMENT
SYN_000332,DEVELOPMENT
SYN_000333,DEVELOPMENT
SYN_000334,HOLDOUT
SYN_000335,DEVELOPMENT
SYN_000336,DEVELOPMENT
SYN_000337,DEVELOPMENT
SYN_000338,DEVELOPMENT
SYN_000339,DEVELOPMENT
SYN_000340,DEVELOPMENT
SYN_000341,DEVELOPMENT
SYN_000342,HOLDOUT
SYN_000343,DEVELOPMENT
SYN_000344,DEVELOPMENT
SYN_000345,HOLDOUT
SYN_000346,DEVELOPMENT
SYN_000347,DEVELOPMENT
SYN_000348,HOLDOUT
SYN_000349,DEVELOPMENT
SYN_000350,DEVELOPMENT
SYN_000351,DEVELOPMENT
SYN_000352,DEVELOPMENT
SYN_000353,DEVELOPMENT
SYN_000354,DEVELOPMENT
SYN_000355,DEVELOPMENT
SYN_000356,DEVELOPMENT
SYN_000357,DEVELOPMENT
SYN_000358,DEVELOPMENT
SYN_000359,DEVELOPMENT
SYN_000360,DEVELOPMENT
SYN_000361,DEVELOPMENT
SYN_000362,DEVELOPMENT
SYN_000363,DEVELOPMENT
SYN_000364,DEVELOPMENT
SYN_000365,DEVELOPMENT
SYN_000366,DEVELOPMENT
SYN_000367,DEVELOPMENT
SYN_000368,DEVELOPMENT
SYN_000369,DEVELOPMENT
SYN_000370,DEVELOPMENT
SYN_000371,DEVELOPMENT
SYN_000372,DEVELOPMENT
SYN_000373,HOLDOUT
SYN_000374,DEVELOPMENT
SYN_000375,DEVELOPMENT
SYN_000376,DEVELOPMENT
SYN_000377,DEVELOPMENT
SYN_000378,DEVELOPMENT
SYN_000379,HOLDOUT
SYN_000380,DEVELOPMENT
SYN_000381,HOLDOUT
SYN_000382,DEVELOPMENT
SYN_000383,DEVELOPMENT
SYN_000384,DEVELOPMENT
SYN_000385,HOLDOUT
SYN_000386,HOLDOUT
SYN_000387,DEVELOPMENT
SYN_000388,DEVELOPMENT
SYN_000389,DEVELOPMENT
SYN_000390,HOLDOUT
SYN_000391,DEVELOPMENT
SYN_000392,DEVELOPMENT
SYN_000393,DEVELOPMENT
SYN_000394,DEVELOPMENT
SYN_000395,DEVELOPMENT
SYN_000396,HOLDOUT
SYN_000397,DEVELOPMENT
SYN_000398,DEVELOPMENT
SYN_000399,DEVELOPMENT
SYN_000400,DEVELOPMENT
SYN_000401,DEVELOPMENT
SYN_000402,HOLDOUT
SYN_000403,DEVELOPMENT
SYN_000404,DEVELOPMENT
SYN_000405,HOLDOUT
SYN_000406,DEVELOPMENT
SYN_000407,DEVELOPMENT
SYN_000408,DEVELOPMENT
SYN_000409,DEVELOPMENT
SYN_000410,DEVELOPMENT
SYN_000411,HOLDOUT
SYN_000412,HOLDOUT
SYN_000413,DEVELOPMENT
SYN_000414,DEVELOPMENT
SYN_000415,DEVELOPMENT
SYN_000416,DEVELOPMENT
SYN_000417,HOLDOUT
SYN_000418,DEVELOPMENT
SYN_000419,HOLDOUT
SYN_000420,DEVELOPMENT
SYN_000421,DEVELOPMENT
SYN_000422,HOLDOUT
SYN_000423,DEVELOPMENT
SYN_000424,DEVELOPMENT
SYN_000425,DEVELOPMENT
SYN_000426,HOLDOUT
SYN_000427,DEVELOPMENT
SYN_000428,DEVELOPMENT
SYN_000429,DEVELOPMENT
SYN_000430,DEVELOPMENT
SYN_000431,HOLDOUT
SYN_000432,DEVELOPMENT
SYN_000433,HOLDOUT
SYN_000434,HOLDOUT
SYN_000435,DEVELOPMENT
SYN_000436,DEVELOPMENT
SYN_000437,DEVELOPMENT
SYN_000438,DEVELOPMENT
SYN_000439,DEVELOPMENT
SYN_000440,HOLDOUT
SYN_000441,DEVELOPMENT
SYN_000442,DEVELOPMENT
SYN_000443,DEVELOPMENT
SYN_000444,DEVELOPMENT
SYN_000445,DEVELOPMENT
SYN_000446,DEVELOPMENT
SYN_000447,HOLDOUT
SYN_000448,DEVELOPMENT
SYN_000449,DEVELOPMENT
SYN_000450,HOLDOUT
SYN_000451,DEVELOPMENT
SYN_000452,HOLDOUT
SYN_000453,HOLDOUT
SYN_000454,DEVELOPMENT
SYN_000455,HOLDOUT
SYN_000456,DEVELOPMENT
SYN_000457,HOLDOUT
SYN_000458,DEVELOPMENT
SYN_000459,DEVELOPMENT
SYN_000460,DEVELOPMENT
SYN_000461,DEVELOPMENT
SYN_000462,DEVELOPMENT
SYN_000463,HOLDOUT
SYN_000464,HOLDOUT
SYN_000465,DEVELOPMENT
SYN_000466,DEVELOPMENT
SYN_000467,DEVELOPMENT
SYN_000468,DEVELOPMENT
SYN_000469,DEVELOPMENT
SYN_000470,DEVELOPMENT
SYN_000471,DEVELOPMENT
SYN_000472,DEVELOPMENT
SYN_000473,HOLDOUT
SYN_000474,DEVELOPMENT
SYN_000475,HOLDOUT
SYN_000476,HOLDOUT
SYN_000477,HOLDOUT
SYN_000478,HOLDOUT
SYN_000479,DEVELOPMENT
SYN_000480,DEVELOPMENT
SYN_000481,DEVELOPMENT
SYN_000482,HOLDOUT
SYN_000483,DEVELOPMENT
SYN_000484,HOLDOUT
SYN_000485,DEVELOPMENT
SYN_000486,DEVELOPMENT
SYN_000487,DEVELOPMENT
SYN_000488,DEVELOPMENT
SYN_000489,HOLDOUT
SYN_000490,DEVELOPMENT
SYN_000491,DEVELOPMENT
SYN_000492,DEVELOPMENT
SYN_000493,DEVELOPMENT
SYN_000494,DEVELOPMENT
SYN_000495,DEVELOPMENT
SYN_000496,DEVELOPMENT
SYN_000497,DEVELOPMENT
SYN_000498,HOLDOUT
SYN_000499,DEVELOPMENT
SYN_000500,DEVELOPMENT
SYN_000501,DEVELOPMENT
SYN_000502,DEVELOPMENT
SYN_000503,DEVELOPMENT
SYN_000504,DEVELOPMENT
SYN_000505,DEVELOPMENT
SYN_000506,DEVELOPMENT
SYN_000507,DEVELOPMENT
SYN_000508,DEVELOPMENT
SYN_000509,HOLDOUT
SYN_000510,DEVELOPMENT
SYN_000511,DEVELOPMENT
SYN_000512,DEVELOPMENT
SYN_000513,HOLDOUT
SYN_000514,DEVELOPMENT
SYN_000515,DEVELOPMENT
SYN_000516,DEVELOPMENT
SYN_000517,DEVELOPMENT
SYN_000518,DEVELOPMENT
SYN_000519,HOLDOUT
SYN_000520,DEVELOPMENT
SYN_000521,DEVELOPMENT
SYN_000522,DEVELOPMENT
SYN_000523,HOLDOUT
SYN_000524,DEVELOPMENT
SYN_000525,HOLDOUT
SYN_000526,DEVELOPMENT
SYN_000527,DEVELOPMENT
SYN_000528,DEVELOPMENT
SYN_000529,DEVELOPMENT
SYN_000530,DEVELOPMENT
SYN_000531,DEVELOPMENT
SYN_000532,DEVELOPMENT
SYN_000533,HOLDOUT
SYN_000534,HOLDOUT
SYN_000535,HOLDOUT
SYN_000536,DEVELOPMENT
SYN_000537,DEVELOPMENT
SYN_000538,DEVELOPMENT
SYN_000539,DEVELOPMENT
SYN_000540,DEVELOPMENT
SYN_000541,DEVELOPMENT
SYN_000542,DEVELOPMENT
SYN_000543,DEVELOPMENT
SYN_000544,DEVELOPMENT
SYN_000545,DEVELOPMENT
SYN_000546,DEVELOPMENT
SYN_000547,DEVELOPMENT
SYN_000548,DEVELOPMENT
SYN_000549,DEVELOPMENT
SYN_000550,DEVELOPMENT
SYN_000551,DEVELOPMENT
SYN_000552,DEVELOPMENT
SYN_000553,DEVELOPMENT
SYN_000554,DEVELOPMENT
SYN_000555,DEVELOPMENT
SYN_000556,DEVELOPMENT
SYN_000557,DEVELOPMENT
SYN_000558,DEVELOPMENT
SYN_000559,DEVELOPMENT
SYN_000560,DEVELOPMENT
SYN_000561,DEVELOPMENT
SYN_000562,HOLDOUT
SYN_000563,DEVELOPMENT
SYN_000564,DEVELOPMENT
SYN_000565,DEVELOPMENT
SYN_000566,DEVELOPMENT
SYN_000567,DEVELOPMENT
SYN_000568,DEVELOPMENT
SYN_000569,DEVELOPMENT
SYN_000570,HOLDOUT
SYN_000571,DEVELOPMENT
SYN_000572,HOLDOUT
SYN_000573,DEVELOPMENT
SYN_000574,DEVELOPMENT
SYN_000575,DEVELOPMENT
SYN_000576,DEVELOPMENT
SYN_000577,DEVELOPMENT
SYN_000578,DEVELOPMENT
SYN_000579,HOLDOUT
SYN_000580,DEVELOPMENT
SYN_000581,DEVELOPMENT
SYN_000582,DEVELOPMENT
SYN_000583,DEVELOPMENT
SYN_000584,DEVELOPMENT
SYN_000585,DEVELOPMENT
SYN_000586,HOLDOUT
SYN_000587,DEVELOPMENT
SYN_000588,DEVELOPMENT
SYN_000589,HOLDOUT
SYN_000590,DEVELOPMENT
SYN_000591,DEVELOPMENT
SYN_000592,DEVELOPMENT
SYN_000593,DEVELOPMENT
SYN_000594,DEVELOPMENT
SYN_000595,DEVELOPMENT
SYN_000596,DEVELOPMENT
SYN_000597,DEVELOPMENT
SYN_000598,DEVELOPMENT
SYN_000599,DEVELOPMENT
SYN_000600,HOLDOUT
SYN_000601,DEVELOPMENT
SYN_000602,HOLDOUT
SYN_000603,DEVELOPMENT
SYN_000604,DEVELOPMENT
SYN_000605,DEVELOPMENT
SYN_000606,HOLDOUT
SYN_000607,DEVELOPMENT
SYN_000608,DEVELOPMENT
SYN_000609,DEVELOPMENT
SYN_000610,DEVELOPMENT
SYN_000611,DEVELOPMENT
SYN_000612,DEVELOPMENT
SYN_000613,DEVELOPMENT
SYN_000614,DEVELOPMENT
SYN_000615,HOLDOUT
SYN_000616,DEVELOPMENT
SYN_000617,DEVELOPMENT
SYN_000618,DEVELOPMENT
SYN_000619,DEVELOPMENT
SYN_000620,DEVELOPMENT
SYN_000621,DEVELOPMENT
SYN_000622,DEVELOPMENT
SYN_000623,HOLDOUT
SYN_000624,DEVELOPMENT
SYN_000625,DEVELOPMENT
SYN_000626,HOLDOUT
SYN_000627,HOLDOUT
SYN_000628,DEVELOPMENT
SYN_000629,HOLDOUT
SYN_000630,DEVELOPMENT
SYN_000631,DEVELOPMENT
SYN_000632,DEVELOPMENT
SYN_000633,DEVELOPMENT
SYN_000634,DEVELOPMENT
SYN_000635,HOLDOUT
SYN_000636,DEVELOPMENT
SYN_000637,DEVELOPMENT
SYN_000638,DEVELOPMENT
SYN_000639,DEVELOPMENT
SYN_000640,HOLDOUT
SYN_000641,DEVELOPMENT
SYN_000642,DEVELOPMENT
SYN_000643,DEVELOPMENT
SYN_000644,DEVELOPMENT
SYN_000645,DEVELOPMENT
SYN_000646,DEVELOPMENT
SYN_000647,DEVELOPMENT
SYN_000648,HOLDOUT
SYN_000649,HOLDOUT
SYN_000650,DEVELOPMENT
SYN_000651,DEVELOPMENT
SYN_000652,DEVELOPMENT
SYN_000653,DEVELOPMENT
SYN_000654,DEVELOPMENT
SYN_000655,DEVELOPMENT
SYN_000656,DEVELOPMENT
SYN_000657,DEVELOPMENT
SYN_000658,HOLDOUT
SYN_000659,HOLDOUT
SYN_000660,DEVELOPMENT
SYN_000661,DEVELOPMENT
SYN_000662,DEVELOPMENT
SYN_000663,DEVELOPMENT
SYN_000664,DEVELOPMENT
SYN_000665,DEVELOPMENT
SYN_000666,DEVELOPMENT
SYN_000667,DEVELOPMENT
SYN_000668,DEVELOPMENT
SYN_000669,DEVELOPMENT
SYN_000670,DEVELOPMENT
SYN_000671,DEVELOPMENT
SYN_000672,DEVELOPMENT
SYN_000673,HOLDOUT
SYN_000674,DEVELOPMENT
SYN_000675,DEVELOPMENT
SYN_000676,DEVELOPMENT
SYN_000677,DEVELOPMENT
SYN_000678,DEVELOPMENT
SYN_000679,HOLDOUT
SYN_000680,DEVELOPMENT
SYN_000681,DEVELOPMENT
SYN_000682,DEVELOPMENT
SYN_000683,DEVELOPMENT
SYN_000684,DEVELOPMENT
SYN_000685,DEVELOPMENT
SYN_000686,DEVELOPMENT
SYN_000687,HOLDOUT
SYN_000688,DEVELOPMENT
SYN_000689,DEVELOPMENT
SYN_000690,DEVELOPMENT
SYN_000691,DEVELOPMENT
SYN_000692,DEVELOPMENT
SYN_000693,DEVELOPMENT
SYN_000694,DEVELOPMENT
SYN_000695,DEVELOPMENT
SYN_000696,DEVELOPMENT
SYN_000697,HOLDOUT
SYN_000698,HOLDOUT
SYN_000699,DEVELOPMENT
SYN_000700,HOLDOUT
SYN_000701,DEVELOPMENT
SYN_000702,DEVELOPMENT
SYN_000703,DEVELOPMENT
SYN_000704,DEVELOPMENT
SYN_000705,DEVELOPMENT
SYN_000706,DEVELOPMENT
SYN_000707,DEVELOPMENT
SYN_000708,DEVELOPMENT
SYN_000709,DEVELOPMENT
SYN_000710,HOLDOUT
SYN_000711,DEVELOPMENT
SYN_000712,DEVELOPMENT
SYN_000713,DEVELOPMENT
SYN_000714,HOLDOUT
SYN_000715,DEVELOPMENT
SYN_000716,DEVELOPMENT
SYN_000717,HOLDOUT
SYN_000718,DEVELOPMENT
SYN_000719,DEVELOPMENT
SYN_000720,DEVELOPMENT
SYN_000721,DEVELOPMENT
SYN_000722,HOLDOUT
SYN_000723,DEVELOPMENT
SYN_000724,HOLDOUT
SYN_000725,HOLDOUT
SYN_000726,DEVELOPMENT
SYN_000727,DEVELOPMENT
SYN_000728,DEVELOPMENT
SYN_000729,DEVELOPMENT
SYN_000730,DEVELOPMENT
SYN_000731,DEVELOPMENT
SYN_000732,DEVELOPMENT
SYN_000733,DEVELOPMENT
SYN_000734,HOLDOUT
SYN_000735,DEVELOPMENT
SYN_000736,DEVELOPMENT
SYN_000737,DEVELOPMENT
SYN_000738,HOLDOUT
SYN_000739,DEVELOPMENT
SYN_000740,DEVELOPMENT
SYN_000741,HOLDOUT
SYN_000742,DEVELOPMENT
SYN_000743,HOLDOUT
SYN_000744,DEVELOPMENT
SYN_000745,DEVELOPMENT
SYN_000746,DEVELOPMENT
SYN_000747,DEVELOPMENT
SYN_000748,DEVELOPMENT
SYN_000749,HOLDOUT
SYN_000750,DEVELOPMENT
SYN_000751,DEVELOPMENT
SYN_000752,DEVELOPMENT
SYN_000753,DEVELOPMENT
SYN_000754,DEVELOPMENT
SYN_000755,DEVELOPMENT
SYN_000756,DEVELOPMENT
SYN_000757,DEVELOPMENT
SYN_000758,DEVELOPMENT
SYN_000759,HOLDOUT
SYN_000760,DEVELOPMENT
SYN_000761,HOLDOUT
SYN_000762,DEVELOPMENT
SYN_000763,DEVELOPMENT
SYN_000764,DEVELOPMENT
SYN_000765,DEVELOPMENT
SYN_000766,DEVELOPMENT
SYN_000767,HOLDOUT
SYN_000768,DEVELOPMENT
SYN_000769,DEVELOPMENT
SYN_000770,DEVELOPMENT
SYN_000771,DEVELOPMENT
SYN_000772,DEVELOPMENT
SYN_000773,HOLDOUT
SYN_000774,DEVELOPMENT
SYN_000775,HOLDOUT
SYN_000776,DEVELOPMENT
SYN_000777,DEVELOPMENT
SYN_000778,DEVELOPMENT
SYN_000779,DEVELOPMENT
SYN_000780,DEVELOPMENT
SYN_000781,DEVELOPMENT
SYN_000782,DEVELOPMENT
SYN_000783,HOLDOUT
SYN_000784,DEVELOPMENT
SYN_000785,HOLDOUT
SYN_000786,DEVELOPMENT
SYN_000787,HOLDOUT
SYN_000788,HOLDOUT
SYN_000789,HOLDOUT
SYN_000790,DEVELOPMENT
SYN_000791,DEVELOPMENT
SYN_000792,DEVELOPMENT
SYN_000793,DEVELOPMENT
SYN_000794,DEVELOPMENT
SYN_000795,DEVELOPMENT
SYN_000796,DEVELOPMENT
SYN_000797,DEVELOPMENT
SYN_000798,DEVELOPMENT
SYN_000799,HOLDOUT
SYN_000800,HOLDOUT
SYN_000801,DEVELOPMENT
SYN_000802,DEVELOPMENT
SYN_000803,DEVELOPMENT
SYN_000804,DEVELOPMENT
SYN_000805,DEVELOPMENT
SYN_000806,DEVELOPMENT
SYN_000807,DEVELOPMENT
SYN_000808,DEVELOPMENT
SYN_000809,DEVELOPMENT
SYN_000810,DEVELOPMENT
SYN_000811,DEVELOPMENT
SYN_000812,HOLDOUT
SYN_000813,DEVELOPMENT
SYN_000814,DEVELOPMENT
SYN_000815,HOLDOUT
SYN_000816,DEVELOPMENT
SYN_000817,DEVELOPMENT
SYN_000818,DEVELOPMENT
SYN_000819,DEVELOPMENT
SYN_000820,DEVELOPMENT
SYN_000821,DEVELOPMENT
SYN_000822,HOLDOUT
SYN_000823,HOLDOUT
SYN_000824,DEVELOPMENT
SYN_000825,DEVELOPMENT
SYN_000826,DEVELOPMENT
SYN_000827,DEVELOPMENT
SYN_000828,DEVELOPMENT
SYN_000829,DEVELOPMENT
SYN_000830,DEVELOPMENT
SYN_000831,DEVELOPMENT
SYN_000832,DEVELOPMENT
SYN_000833,DEVELOPMENT
SYN_000834,DEVELOPMENT
SYN_000835,DEVELOPMENT
SYN_000836,DEVELOPMENT
SYN_000837,DEVELOPMENT
SYN_000838,HOLDOUT
SYN_000839,DEVELOPMENT
SYN_000840,HOLDOUT
SYN_000841,HOLDOUT
SYN_000842,DEVELOPMENT
SYN_000843,DEVELOPMENT
SYN_000844,DEVELOPMENT
SYN_000845,DEVELOPMENT
SYN_000846,DEVELOPMENT
SYN_000847,DEVELOPMENT
SYN_000848,DEVELOPMENT
SYN_000849,HOLDOUT
SYN_000850,HOLDOUT
SYN_000851,DEVELOPMENT
SYN_000852,DEVELOPMENT
SYN_000853,DEVELOPMENT
SYN_000854,DEVELOPMENT
SYN_000855,DEVELOPMENT
SYN_000856,DEVELOPMENT
SYN_000857,DEVELOPMENT
SYN_000858,HOLDOUT
SYN_000859,DEVELOPMENT
SYN_000860,DEVELOPMENT
SYN_000861,DEVELOPMENT
SYN_000862,DEVELOPMENT
SYN_000863,DEVELOPMENT
SYN_000864,DEVELOPMENT
SYN_000865,DEVELOPMENT
SYN_000866,DEVELOPMENT
SYN_000867,HOLDOUT
SYN_000868,DEVELOPMENT
SYN_000869,DEVELOPMENT
SYN_000870,DEVELOPMENT
SYN_000871,DEVELOPMENT
SYN_000872,HOLDOUT
SYN_000873,DEVELOPMENT
SYN_000874,DEVELOPMENT
SYN_000875,HOLDOUT
SYN_000876,DEVELOPMENT
SYN_000877,DEVELOPMENT
SYN_000878,DEVELOPMENT
SYN_000879,DEVELOPMENT
SYN_000880,DEVELOPMENT
SYN_000881,DEVELOPMENT
SYN_000882,HOLDOUT
SYN_000883,HOLDOUT
SYN_000884,HOLDOUT
SYN_000885,HOLDOUT
SYN_000886,DEVELOPMENT
SYN_000887,DEVELOPMENT
SYN_000888,DEVELOPMENT
SYN_000889,DEVELOPMENT
SYN_000890,DEVELOPMENT
SYN_000891,HOLDOUT
SYN_000892,DEVELOPMENT
SYN_000893,DEVELOPMENT
SYN_000894,DEVELOPMENT
SYN_000895,DEVELOPMENT
SYN_000896,DEVELOPMENT
SYN_000897,HOLDOUT
SYN_000898,HOLDOUT
SYN_000899,DEVELOPMENT
SYN_000900,DEVELOPMENT
SYN_000901,DEVELOPMENT
SYN_000902,DEVELOPMENT
SYN_000903,DEVELOPMENT
SYN_000904,DEVELOPMENT
SYN_000905,DEVELOPMENT
SYN_000906,HOLDOUT
SYN_000907,DEVELOPMENT
SYN_000908,HOLDOUT
SYN_000909,HOLDOUT
SYN_000910,DEVELOPMENT
SYN_000911,DEVELOPMENT
SYN_000912,DEVELOPMENT
SYN_000913,HOLDOUT
SYN_000914,DEVELOPMENT
SYN_000915,DEVELOPMENT
SYN_000916,DEVELOPMENT
SYN_000917,DEVELOPMENT
SYN_000918,DEVELOPMENT
SYN_000919,DEVELOPMENT
SYN_000920,DEVELOPMENT
SYN_000921,DEVELOPMENT
SYN_000922,HOLDOUT
SYN_000923,DEVELOPMENT
SYN_000924,HOLDOUT
SYN_000925,DEVELOPMENT
SYN_000926,DEVELOPMENT
SYN_000927,DEVELOPMENT
SYN_000928,DEVELOPMENT
SYN_000929,DEVELOPMENT
SYN_000930,DEVELOPMENT
SYN_000931,DEVELOPMENT
SYN_000932,DEVELOPMENT
SYN_000933,DEVELOPMENT
SYN_000934,HOLDOUT
SYN_000935,DEVELOPMENT
SYN_000936,HOLDOUT
SYN_000937,DEVELOPMENT
SYN_000938,DEVELOPMENT
SYN_000939,DEVELOPMENT
SYN_000940,DEVELOPMENT
SYN_000941,DEVELOPMENT
SYN_000942,DEVELOPMENT
SYN_000943,HOLDOUT
SYN_000944,DEVELOPMENT
SYN_000945,DEVELOPMENT
SYN_000946,DEVELOPMENT
SYN_000947,DEVELOPMENT
SYN_000948,DEVELOPMENT
SYN_000949,DEVELOPMENT
SYN_000950,HOLDOUT
SYN_000951,DEVELOPMENT
SYN_000952,HOLDOUT
SYN_000953,DEVELOPMENT
SYN_000954,DEVELOPMENT
SYN_000955,DEVELOPMENT
SYN_000956,DEVELOPMENT
SYN_000957,DEVELOPMENT
SYN_000958,HOLDOUT
SYN_000959,DEVELOPMENT
SYN_000960,DEVELOPMENT
SYN_000961,HOLDOUT
SYN_000962,DEVELOPMENT
SYN_000963,DEVELOPMENT
SYN_000964,DEVELOPMENT
SYN_000965,DEVELOPMENT
SYN_000966,DEVELOPMENT
SYN_000967,DEVELOPMENT
SYN_000968,DEVELOPMENT
SYN_000969,HOLDOUT
SYN_000970,HOLDOUT
SYN_000971,DEVELOPMENT
SYN_000972,DEVELOPMENT
SYN_000973,DEVELOPMENT
SYN_000974,DEVELOPMENT
SYN_000975,DEVELOPMENT
SYN_000976,HOLDOUT
SYN_000977,HOLDOUT
SYN_000978,HOLDOUT
SYN_000979,DEVELOPMENT
SYN_000980,DEVELOPMENT
SYN_000981,DEVELOPMENT
SYN_000982,DEVELOPMENT
SYN_000983,DEVELOPMENT
SYN_000984,DEVELOPMENT
SYN_000985,DEVELOPMENT
SYN_000986,DEVELOPMENT
SYN_000987,DEVELOPMENT
SYN_000988,DEVELOPMENT
SYN_000989,DEVELOPMENT
SYN_000990,DEVELOPMENT
SYN_000991,HOLDOUT
SYN_000992,DEVELOPMENT
SYN_000993,HOLDOUT
SYN_000994,DEVELOPMENT
SYN_000995,HOLDOUT
SYN_000996,DEVELOPMENT
SYN_000997,DEVELOPMENT
SYN_000998,DEVELOPMENT
SYN_000999,DEVELOPMENT
SYN_001000,DEVELOPMENT
SYN_001001,HOLDOUT
SYN_001002,DEVELOPMENT
SYN_001003,HOLDOUT
SYN_001004,DEVELOPMENT
SYN_001005,DEVELOPMENT
SYN_001006,DEVELOPMENT
SYN_001007,DEVELOPMENT
SYN_001008,DEVELOPMENT
SYN_001009,DEVELOPMENT
SYN_001010,DEVELOPMENT
SYN_001011,DEVELOPMENT
SYN_001012,DEVELOPMENT
SYN_001013,DEVELOPMENT
SYN_001014,DEVELOPMENT
SYN_001015,DEVELOPMENT
SYN_001016,DEVELOPMENT
SYN_001017,HOLDOUT
SYN_001018,DEVELOPMENT
SYN_001019,DEVELOPMENT
SYN_001020,DEVELOPMENT
SYN_001021,HOLDOUT
SYN_001022,DEVELOPMENT
SYN_001023,DEVELOPMENT
SYN_001024,DEVELOPMENT
SYN_001025,DEVELOPMENT
SYN_001026,DEVELOPMENT
SYN_001027,DEVELOPMENT
SYN_001028,DEVELOPMENT
SYN_001029,DEVELOPMENT
SYN_001030,HOLDOUT
SYN_001031,HOLDOUT
SYN_001032,HOLDOUT
SYN_001033,DEVELOPMENT
SYN_001034,DEVELOPMENT
SYN_001035,DEVELOPMENT
SYN_001036,HOLDOUT
SYN_001037,HOLDOUT
SYN_001038,DEVELOPMENT
SYN_001039,DEVELOPMENT
SYN_001040,DEVELOPMENT
SYN_001041,DEVELOPMENT
SYN_001042,DEVELOPMENT
SYN_001043,DEVELOPMENT
SYN_001044,DEVELOPMENT
SYN_001045,HOLDOUT
SYN_001046,DEVELOPMENT
SYN_001047,DEVELOPMENT
SYN_001048,HOLDOUT
SYN_001049,DEVELOPMENT
SYN_001050,DEVELOPMENT
SYN_001051,DEVELOPMENT
SYN_001052,DEVELOPMENT
SYN_001053,DEVELOPMENT
SYN_001054,DEVELOPMENT
SYN_001055,DEVELOPMENT
SYN_001056,DEVELOPMENT
SYN_001057,DEVELOPMENT
SYN_001058,DEVELOPMENT
SYN_001059,DEVELOPMENT
SYN_001060,DEVELOPMENT
SYN_001061,DEVELOPMENT
SYN_001062,DEVELOPMENT
SYN_001063,DEVELOPMENT
SYN_001064,DEVELOPMENT
SYN_001065,HOLDOUT
SYN_001066,DEVELOPMENT
SYN_001067,DEVELOPMENT
SYN_001068,DEVELOPMENT
SYN_001069,HOLDOUT
SYN_001070,DEVELOPMENT
SYN_001071,HOLDOUT
SYN_001072,DEVELOPMENT
SYN_001073,DEVELOPMENT
SYN_001074,DEVELOPMENT
SYN_001075,HOLDOUT
SYN_001076,DEVELOPMENT
SYN_001077,HOLDOUT
SYN_001078,HOLDOUT
SYN_001079,DEVELOPMENT
SYN_001080,DEVELOPMENT
SYN_001081,HOLDOUT
SYN_001082,HOLDOUT
SYN_001083,DEVELOPMENT
SYN_001084,DEVELOPMENT
SYN_001085,DEVELOPMENT
SYN_001086,DEVELOPMENT
SYN_001087,DEVELOPMENT
SYN_001088,DEVELOPMENT
SYN_001089,DEVELOPMENT
SYN_001090,DEVELOPMENT
SYN_001091,HOLDOUT
SYN_001092,DEVELOPMENT
SYN_001093,DEVELOPMENT
SYN_001094,DEVELOPMENT
SYN_001095,DEVELOPMENT
SYN_001096,HOLDOUT
SYN_001097,DEVELOPMENT
SYN_001098,DEVELOPMENT
SYN_001099,DEVELOPMENT
SYN_001100,HOLDOUT
SYN_001101,HOLDOUT
SYN_001102,DEVELOPMENT
SYN_001103,DEVELOPMENT
SYN_001104,DEVELOPMENT
SYN_001105,DEVELOPMENT
SYN_001106,DEVELOPMENT
SYN_001107,DEVELOPMENT
SYN_001108,DEVELOPMENT
SYN_001109,DEVELOPMENT
SYN_001110,DEVELOPMENT
SYN_001111,DEVELOPMENT
SYN_001112,DEVELOPMENT
SYN_001113,DEVELOPMENT
SYN_001114,DEVELOPMENT
SYN_001115,DEVELOPMENT
SYN_001116,HOLDOUT
SYN_001117,DEVELOPMENT
SYN_001118,DEVELOPMENT
SYN_001119,HOLDOUT
SYN_001120,DEVELOPMENT
SYN_001121,HOLDOUT
SYN_001122,DEVELOPMENT
SYN_001123,DEVELOPMENT
SYN_001124,DEVELOPMENT
SYN_001125,DEVELOPMENT
SYN_001126,HOLDOUT
SYN_001127,HOLDOUT
SYN_001128,DEVELOPMENT
SYN_001129,DEVELOPMENT
SYN_001130,DEVELOPMENT
SYN_001131,DEVELOPMENT
SYN_001132,DEVELOPMENT
SYN_001133,DEVELOPMENT
SYN_001134,DEVELOPMENT
SYN_001135,HOLDOUT
SYN_001136,DEVELOPMENT
SYN_001137,DEVELOPMENT
SYN_001138,DEVELOPMENT
SYN_001139,DEVELOPMENT
SYN_001140,DEVELOPMENT
SYN_001141,DEVELOPMENT
SYN_001142,DEVELOPMENT
SYN_001143,DEVELOPMENT
SYN_001144,DEVELOPMENT
SYN_001145,DEVELOPMENT
SYN_001146,DEVELOPMENT
SYN_001147,DEVELOPMENT
SYN_001148,DEVELOPMENT
SYN_001149,DEVELOPMENT
SYN_001150,DEVELOPMENT
SYN_001151,DEVELOPMENT
SYN_001152,HOLDOUT
SYN_001153,HOLDOUT
SYN_001154,DEVELOPMENT
SYN_001155,DEVELOPMENT
SYN_001156,DEVELOPMENT
SYN_001157,DEVELOPMENT
SYN_001158,HOLDOUT
SYN_001159,HOLDOUT
SYN_001160,HOLDOUT
SYN_001161,DEVELOPMENT
SYN_001162,DEVELOPMENT
SYN_001163,DEVELOPMENT
SYN_001164,DEVELOPMENT
SYN_001165,DEVELOPMENT
SYN_001166,DEVELOPMENT
SYN_001167,DEVELOPMENT
SYN_001168,DEVELOPMENT
SYN_001169,DEVELOPMENT
SYN_001170,DEVELOPMENT
SYN_001171,DEVELOPMENT
SYN_001172,DEVELOPMENT
SYN_001173,DEVELOPMENT
SYN_001174,DEVELOPMENT
SYN_001175,DEVELOPMENT
SYN_001176,DEVELOPMENT
SYN_001177,DEVELOPMENT
SYN_001178,HOLDOUT
SYN_001179,HOLDOUT
SYN_001180,DEVELOPMENT
SYN_001181,DEVELOPMENT
SYN_001182,DEVELOPMENT
SYN_001183,DEVELOPMENT
SYN_001184,DEVELOPMENT
SYN_001185,DEVELOPMENT
SYN_001186,DEVELOPMENT
SYN_001187,DEVELOPMENT
SYN_001188,HOLDOUT
SYN_001189,DEVELOPMENT
SYN_001190,DEVELOPMENT
SYN_001191,DEVELOPMENT
SYN_001192,DEVELOPMENT
SYN_001193,DEVELOPMENT
SYN_001194,DEVELOPMENT
SYN_001195,DEVELOPMENT
SYN_001196,DEVELOPMENT
SYN_001197,DEVELOPMENT
SYN_001198,HOLDOUT
SYN_001199,HOLDOUT
SYN_001200,DEVELOPMENT
SYN_001201,DEVELOPMENT
SYN_001202,HOLDOUT
SYN_001203,DEVELOPMENT
SYN_001204,DEVELOPMENT
SYN_001205,HOLDOUT
SYN_001206,HOLDOUT
SYN_001207,DEVELOPMENT
SYN_001208,HOLDOUT
SYN_001209,DEVELOPMENT
SYN_001210,HOLDOUT
SYN_001211,DEVELOPMENT
SYN_001212,DEVELOPMENT
SYN_001213,DEVELOPMENT
SYN_001214,DEVELOPMENT
SYN_001215,DEVELOPMENT
SYN_001216,DEVELOPMENT
SYN_001217,DEVELOPMENT
SYN_001218,HOLDOUT
SYN_001219,DEVELOPMENT
SYN_001220,HOLDOUT
SYN_001221,DEVELOPMENT
SYN_001222,DEVELOPMENT
SYN_001223,DEVELOPMENT
SYN_001224,DEVELOPMENT
SYN_001225,DEVELOPMENT
SYN_001226,DEVELOPMENT
SYN_001227,HOLDOUT
SYN_001228,HOLDOUT
SYN_001229,DEVELOPMENT
SYN_001230,DEVELOPMENT
SYN_001231,DEVELOPMENT
SYN_001232,DEVELOPMENT
SYN_001233,DEVELOPMENT
SYN_001234,DEVELOPMENT
SYN_001235,HOLDOUT
SYN_001236,DEVELOPMENT
SYN_001237,DEVELOPMENT
SYN_001238,DEVELOPMENT
SYN_001239,DEVELOPMENT
SYN_001240,DEVELOPMENT
SYN_001241,DEVELOPMENT
SYN_001242,DEVELOPMENT
SYN_001243,DEVELOPMENT
SYN_001244,DEVELOPMENT
SYN_001245,DEVELOPMENT
SYN_001246,DEVELOPMENT
SYN_001247,DEVELOPMENT
SYN_001248,HOLDOUT
SYN_001249,DEVELOPMENT
SYN_001250,DEVELOPMENT
SYN_001251,DEVELOPMENT
SYN_001252,DEVELOPMENT
SYN_001253,DEVELOPMENT
SYN_001254,DEVELOPMENT
SYN_001255,DEVELOPMENT
SYN_001256,HOLDOUT
SYN_001257,DEVELOPMENT
SYN_001258,DEVELOPMENT
SYN_001259,DEVELOPMENT
SYN_001260,DEVELOPMENT
SYN_001261,DEVELOPMENT
SYN_001262,DEVELOPMENT
SYN_001263,DEVELOPMENT
SYN_001264,DEVELOPMENT
SYN_001265,DEVELOPMENT
SYN_001266,DEVELOPMENT
SYN_001267,DEVELOPMENT
SYN_001268,DEVELOPMENT
SYN_001269,DEVELOPMENT
SYN_001270,HOLDOUT
SYN_001271,DEVELOPMENT
SYN_001272,DEVELOPMENT
SYN_001273,DEVELOPMENT
SYN_001274,DEVELOPMENT
SYN_001275,HOLDOUT
SYN_001276,DEVELOPMENT
SYN_001277,DEVELOPMENT
SYN_001278,DEVELOPMENT
SYN_001279,DEVELOPMENT
SYN_001280,DEVELOPMENT
SYN_001281,DEVELOPMENT
SYN_001282,HOLDOUT
SYN_001283,DEVELOPMENT
SYN_001284,DEVELOPMENT
SYN_001285,HOLDOUT
SYN_001286,DEVELOPMENT
SYN_001287,DEVELOPMENT
SYN_001288,DEVELOPMENT
SYN_001289,DEVELOPMENT
SYN_001290,DEVELOPMENT
SYN_001291,DEVELOPMENT
SYN_001292,HOLDOUT
SYN_001293,DEVELOPMENT
SYN_001294,HOLDOUT
SYN_001295,DEVELOPMENT
SYN_001296,DEVELOPMENT
SYN_001297,DEVELOPMENT
SYN_001298,DEVELOPMENT
SYN_001299,DEVELOPMENT
SYN_001300,DEVELOPMENT
SYN_001301,DEVELOPMENT
SYN_001302,DEVELOPMENT
SYN_001303,HOLDOUT
SYN_001304,DEVELOPMENT
SYN_001305,DEVELOPMENT
SYN_001306,DEVELOPMENT
SYN_001307,DEVELOPMENT
SYN_001308,DEVELOPMENT
SYN_001309,DEVELOPMENT
SYN_001310,DEVELOPMENT
SYN_001311,DEVELOPMENT
SYN_001312,DEVELOPMENT
SYN_001313,DEVELOPMENT
SYN_001314,HOLDOUT
SYN_001315,HOLDOUT
SYN_001316,DEVELOPMENT
SYN_001317,DEVELOPMENT
SYN_001318,DEVELOPMENT
SYN_001319,DEVELOPMENT
SYN_001320,DEVELOPMENT
SYN_001321,DEVELOPMENT
SYN_001322,HOLDOUT
SYN_001323,DEVELOPMENT
SYN_001324,DEVELOPMENT
SYN_001325,DEVELOPMENT
SYN_001326,DEVELOPMENT
SYN_001327,DEVELOPMENT
SYN_001328,DEVELOPMENT
SYN_001329,HOLDOUT
SYN_001330,DEVELOPMENT
SYN_001331,DEVELOPMENT
SYN_001332,DEVELOPMENT
SYN_001333,DEVELOPMENT
SYN_001334,DEVELOPMENT
SYN_001335,DEVELOPMENT
SYN_001336,DEVELOPMENT
SYN_001337,DEVELOPMENT
SYN_001338,DEVELOPMENT
SYN_001339,HOLDOUT
SYN_001340,HOLDOUT
SYN_001341,HOLDOUT
SYN_001342,DEVELOPMENT
SYN_001343,DEVELOPMENT
SYN_001344,DEVELOPMENT
SYN_001345,DEVELOPMENT
SYN_001346,DEVELOPMENT
SYN_001347,HOLDOUT
SYN_001348,DEVELOPMENT
SYN_001349,DEVELOPMENT
SYN_001350,DEVELOPMENT
SYN_001351,HOLDOUT
SYN_001352,DEVELOPMENT
SYN_001353,DEVELOPMENT
SYN_001354,DEVELOPMENT
SYN_001355,DEVELOPMENT
SYN_001356,DEVELOPMENT
SYN_001357,DEVELOPMENT
SYN_001358,HOLDOUT
SYN_001359,DEVELOPMENT
SYN_001360,DEVELOPMENT
SYN_001361,DEVELOPMENT
SYN_001362,HOLDOUT
SYN_001363,DEVELOPMENT
SYN_001364,DEVELOPMENT
SYN_001365,HOLDOUT
SYN_001366,DEVELOPMENT
SYN_001367,DEVELOPMENT
SYN_001368,DEVELOPMENT
SYN_001369,HOLDOUT
SYN_001370,DEVELOPMENT
SYN_001371,DEVELOPMENT
SYN_001372,DEVELOPMENT
SYN_001373,DEVELOPMENT
SYN_001374,DEVELOPMENT
SYN_001375,DEVELOPMENT
SYN_001376,DEVELOPMENT
SYN_001377,HOLDOUT
SYN_001378,DEVELOPMENT
SYN_001379,DEVELOPMENT
SYN_001380,DEVELOPMENT
SYN_001381,HOLDOUT
SYN_001382,HOLDOUT
SYN_001383,HOLDOUT
SYN_001384,DEVELOPMENT
SYN_001385,DEVELOPMENT
SYN_001386,DEVELOPMENT
SYN_001387,DEVELOPMENT
SYN_001388,DEVELOPMENT
SYN_001389,DEVELOPMENT
SYN_001390,DEVELOPMENT
SYN_001391,DEVELOPMENT
SYN_001392,DEVELOPMENT
SYN_001393,DEVELOPMENT
SYN_001394,DEVELOPMENT
SYN_001395,DEVELOPMENT
SYN_001396,DEVELOPMENT
SYN_001397,HOLDOUT
SYN_001398,DEVELOPMENT
SYN_001399,DEVELOPMENT
SYN_001400,DEVELOPMENT
SYN_001401,DEVELOPMENT
SYN_001402,DEVELOPMENT
SYN_001403,DEVELOPMENT
SYN_001404,HOLDOUT
SYN_001405,DEVELOPMENT
SYN_001406,DEVELOPMENT
SYN_001407,DEVELOPMENT
SYN_001408,DEVELOPMENT
SYN_001409,DEVELOPMENT
SYN_001410,DEVELOPMENT
SYN_001411,DEVELOPMENT
SYN_001412,DEVELOPMENT
SYN_001413,DEVELOPMENT
SYN_001414,DEVELOPMENT
SYN_001415,DEVELOPMENT
SYN_001416,DEVELOPMENT
SYN_001417,DEVELOPMENT
SYN_001418,DEVELOPMENT
SYN_001419,HOLDOUT
SYN_001420,DEVELOPMENT
SYN_001421,HOLDOUT
SYN_001422,DEVELOPMENT
SYN_001423,DEVELOPMENT
SYN_001424,DEVELOPMENT
SYN_001425,DEVELOPMENT
SYN_001426,HOLDOUT
SYN_001427,DEVELOPMENT
SYN_001428,DEVELOPMENT
SYN_001429,DEVELOPMENT
SYN_001430,HOLDOUT
SYN_001431,DEVELOPMENT
SYN_001432,DEVELOPMENT
SYN_001433,DEVELOPMENT
SYN_001434,DEVELOPMENT
SYN_001435,DEVELOPMENT
SYN_001436,DEVELOPMENT
SYN_001437,HOLDOUT
SYN_001438,HOLDOUT
SYN_001439,DEVELOPMENT
SYN_001440,HOLDOUT
SYN_001441,HOLDOUT
SYN_001442,DEVELOPMENT
SYN_001443,DEVELOPMENT
SYN_001444,DEVELOPMENT
SYN_001445,DEVELOPMENT
SYN_001446,DEVELOPMENT
SYN_001447,DEVELOPMENT
SYN_001448,DEVELOPMENT
SYN_001449,DEVELOPMENT
SYN_001450,DEVELOPMENT
SYN_001451,DEVELOPMENT
SYN_001452,DEVELOPMENT
SYN_001453,DEVELOPMENT
SYN_001454,DEVELOPMENT
SYN_001455,HOLDOUT
SYN_001456,DEVELOPMENT
SYN_001457,DEVELOPMENT
SYN_001458,DEVELOPMENT
SYN_001459,DEVELOPMENT
SYN_001460,DEVELOPMENT
SYN_001461,DEVELOPMENT
SYN_001462,HOLDOUT
SYN_001463,HOLDOUT
SYN_001464,HOLDOUT
SYN_001465,DEVELOPMENT
SYN_001466,DEVELOPMENT
SYN_001467,DEVELOPMENT
SYN_001468,DEVELOPMENT
SYN_001469,DEVELOPMENT
SYN_001470,DEVELOPMENT
SYN_001471,DEVELOPMENT
SYN_001472,HOLDOUT
SYN_001473,HOLDOUT
SYN_001474,DEVELOPMENT
SYN_001475,HOLDOUT
SYN_001476,DEVELOPMENT
SYN_001477,DEVELOPMENT
SYN_001478,DEVELOPMENT
SYN_001479,DEVELOPMENT
SYN_001480,DEVELOPMENT
SYN_001481,DEVELOPMENT
SYN_001482,DEVELOPMENT
SYN_001483,DEVELOPMENT
SYN_001484,DEVELOPMENT
SYN_001485,HOLDOUT
SYN_001486,DEVELOPMENT
SYN_001487,DEVELOPMENT
SYN_001488,HOLDOUT
SYN_001489,DEVELOPMENT
SYN_001490,DEVELOPMENT
SYN_001491,DEVELOPMENT
SYN_001492,DEVELOPMENT
SYN_001493,DEVELOPMENT
SYN_001494,HOLDOUT
SYN_001495,DEVELOPMENT
SYN_001496,DEVELOPMENT
SYN_001497,DEVELOPMENT
SYN_001498,DEVELOPMENT
SYN_001499,DEVELOPMENT
SYN_001500,HOLDOUT
SYN_001501,DEVELOPMENT
SYN_001502,DEVELOPMENT
SYN_001503,DEVELOPMENT
SYN_001504,DEVELOPMENT
SYN_001505,DEVELOPMENT
SYN_001506,DEVELOPMENT
SYN_001507,DEVELOPMENT
SYN_001508,DEVELOPMENT
SYN_001509,DEVELOPMENT
SYN_001510,HOLDOUT
SYN_001511,DEVELOPMENT
SYN_001512,DEVELOPMENT
SYN_001513,DEVELOPMENT
SYN_001514,HOLDOUT
SYN_001515,DEVELOPMENT
SYN_001516,DEVELOPMENT
SYN_001517,DEVELOPMENT
SYN_001518,DEVELOPMENT
SYN_001519,DEVELOPMENT
SYN_001520,DEVELOPMENT
SYN_001521,DEVELOPMENT
SYN_001522,DEVELOPMENT
SYN_001523,DEVELOPMENT
SYN_001524,HOLDOUT
SYN_001525,HOLDOUT
SYN_001526,DEVELOPMENT
SYN_001527,DEVELOPMENT
SYN_001528,DEVELOPMENT
SYN_001529,HOLDOUT
SYN_001530,DEVELOPMENT
SYN_001531,HOLDOUT
SYN_001532,DEVELOPMENT
SYN_001533,HOLDOUT
SYN_001534,DEVELOPMENT
SYN_001535,DEVELOPMENT
SYN_001536,DEVELOPMENT
SYN_001537,HOLDOUT
SYN_001538,DEVELOPMENT
SYN_001539,HOLDOUT
SYN_001540,DEVELOPMENT
SYN_001541,HOLDOUT
SYN_001542,DEVELOPMENT
SYN_001543,HOLDOUT
SYN_001544,DEVELOPMENT
SYN_001545,DEVELOPMENT
SYN_001546,DEVELOPMENT
SYN_001547,DEVELOPMENT
SYN_001548,HOLDOUT
SYN_001549,DEVELOPMENT
SYN_001550,DEVELOPMENT
SYN_001551,DEVELOPMENT
SYN_001552,DEVELOPMENT
SYN_001553,DEVELOPMENT
SYN_001554,DEVELOPMENT
SYN_001555,HOLDOUT
SYN_001556,HOLDOUT
SYN_001557,DEVELOPMENT
SYN_001558,DEVELOPMENT
SYN_001559,DEVELOPMENT
SYN_001560,DEVELOPMENT
SYN_001561,DEVELOPMENT
SYN_001562,DEVELOPMENT
SYN_001563,DEVELOPMENT
SYN_001564,DEVELOPMENT
SYN_001565,DEVELOPMENT
SYN_001566,DEVELOPMENT
SYN_001567,DEVELOPMENT
SYN_001568,DEVELOPMENT
SYN_001569,DEVELOPMENT
SYN_001570,HOLDOUT
SYN_001571,DEVELOPMENT
SYN_001572,DEVELOPMENT
SYN_001573,HOLDOUT
SYN_001574,DEVELOPMENT
SYN_001575,HOLDOUT
SYN_001576,DEVELOPMENT
SYN_001577,HOLDOUT
SYN_001578,DEVELOPMENT
SYN_001579,HOLDOUT
SYN_001580,DEVELOPMENT
SYN_001581,HOLDOUT
SYN_001582,HOLDOUT
SYN_001583,HOLDOUT
SYN_001584,DEVELOPMENT
SYN_001585,DEVELOPMENT
SYN_001586,DEVELOPMENT
SYN_001587,DEVELOPMENT
SYN_001588,DEVELOPMENT
SYN_001589,DEVELOPMENT
SYN_001590,DEVELOPMENT
SYN_001591,DEVELOPMENT
SYN_001592,DEVELOPMENT
SYN_001593,DEVELOPMENT
SYN_001594,DEVELOPMENT
SYN_001595,DEVELOPMENT
SYN_001596,HOLDOUT
SYN_001597,DEVELOPMENT
SYN_001598,DEVELOPMENT
SYN_001599,DEVELOPMENT
SYN_001600,DEVELOPMENT
SYN_001601,DEVELOPMENT
SYN_001602,DEVELOPMENT
SYN_001603,DEVELOPMENT
SYN_001604,DEVELOPMENT
SYN_001605,DEVELOPMENT
SYN_001606,DEVELOPMENT
SYN_001607,DEVELOPMENT
SYN_001608,DEVELOPMENT
SYN_001609,HOLDOUT
SYN_001610,HOLDOUT
SYN_001611,DEVELOPMENT
SYN_001612,DEVELOPMENT
SYN_001613,DEVELOPMENT
SYN_001614,DEVELOPMENT
SYN_001615,DEVELOPMENT
SYN_001616,DEVELOPMENT
SYN_001617,DEVELOPMENT
SYN_001618,DEVELOPMENT
SYN_001619,DEVELOPMENT
SYN_001620,DEVELOPMENT
SYN_001621,DEVELOPMENT
SYN_001622,HOLDOUT
SYN_001623,DEVELOPMENT
SYN_001624,HOLDOUT
SYN_001625,HOLDOUT
SYN_001626,DEVELOPMENT
SYN_001627,DEVELOPMENT
SYN_001628,DEVELOPMENT
SYN_001629,DEVELOPMENT
SYN_001630,DEVELOPMENT
SYN_001631,DEVELOPMENT
SYN_001632,DEVELOPMENT
SYN_001633,DEVELOPMENT
SYN_001634,DEVELOPMENT
SYN_001635,DEVELOPMENT
SYN_001636,DEVELOPMENT
SYN_001637,DEVELOPMENT
SYN_001638,DEVELOPMENT
SYN_001639,HOLDOUT
SYN_001640,DEVELOPMENT
SYN_001641,HOLDOUT
SYN_001642,HOLDOUT
SYN_001643,DEVELOPMENT
SYN_001644,DEVELOPMENT
SYN_001645,DEVELOPMENT
SYN_001646,DEVELOPMENT
SYN_001647,HOLDOUT
SYN_001648,DEVELOPMENT
SYN_001649,DEVELOPMENT
SYN_001650,HOLDOUT
SYN_001651,DEVELOPMENT
SYN_001652,HOLDOUT
SYN_001653,DEVELOPMENT
SYN_001654,DEVELOPMENT
SYN_001655,DEVELOPMENT
SYN_001656,HOLDOUT
SYN_001657,DEVELOPMENT
SYN_001658,HOLDOUT
SYN_001659,HOLDOUT
SYN_001660,DEVELOPMENT
SYN_001661,HOLDOUT
SYN_001662,DEVELOPMENT
SYN_001663,DEVELOPMENT
SYN_001664,DEVELOPMENT
SYN_001665,DEVELOPMENT
SYN_001666,DEVELOPMENT
SYN_001667,DEVELOPMENT
SYN_001668,HOLDOUT
SYN_001669,DEVELOPMENT
SYN_001670,DEVELOPMENT
SYN_001671,DEVELOPMENT
SYN_001672,DEVELOPMENT
SYN_001673,HOLDOUT
SYN_001674,DEVELOPMENT
SYN_001675,DEVELOPMENT
SYN_001676,DEVELOPMENT
SYN_001677,DEVELOPMENT
SYN_001678,DEVELOPMENT
SYN_001679,HOLDOUT
SYN_001680,DEVELOPMENT
SYN_001681,DEVELOPMENT
SYN_001682,DEVELOPMENT
SYN_001683,HOLDOUT
SYN_001684,DEVELOPMENT
SYN_001685,DEVELOPMENT
SYN_001686,HOLDOUT
SYN_001687,DEVELOPMENT
SYN_001688,DEVELOPMENT
SYN_001689,DEVELOPMENT
SYN_001690,DEVELOPMENT
SYN_001691,DEVELOPMENT
SYN_001692,DEVELOPMENT
SYN_001693,DEVELOPMENT
SYN_001694,DEVELOPMENT
SYN_001695,DEVELOPMENT
SYN_001696,DEVELOPMENT
SYN_001697,DEVELOPMENT
SYN_001698,DEVELOPMENT
SYN_001699,DEVELOPMENT
SYN_001700,DEVELOPMENT
SYN_001701,DEVELOPMENT
SYN_001702,DEVELOPMENT
SYN_001703,DEVELOPMENT
SYN_001704,DEVELOPMENT
SYN_001705,HOLDOUT
SYN_001706,DEVELOPMENT
SYN_001707,DEVELOPMENT
SYN_001708,HOLDOUT
SYN_001709,DEVELOPMENT
SYN_001710,DEVELOPMENT
SYN_001711,DEVELOPMENT
SYN_001712,DEVELOPMENT
SYN_001713,HOLDOUT
SYN_001714,HOLDOUT
SYN_001715,DEVELOPMENT
SYN_001716,DEVELOPMENT
SYN_001717,DEVELOPMENT
SYN_001718,DEVELOPMENT
SYN_001719,HOLDOUT
SYN_001720,DEVELOPMENT
SYN_001721,DEVELOPMENT
SYN_001722,DEVELOPMENT
SYN_001723,DEVELOPMENT
SYN_001724,DEVELOPMENT
SYN_001725,DEVELOPMENT
SYN_001726,HOLDOUT
SYN_001727,DEVELOPMENT
SYN_001728,DEVELOPMENT
SYN_001729,DEVELOPMENT
SYN_001730,DEVELOPMENT
SYN_001731,DEVELOPMENT
SYN_001732,DEVELOPMENT
SYN_001733,DEVELOPMENT
SYN_001734,DEVELOPMENT
SYN_001735,HOLDOUT
SYN_001736,DEVELOPMENT
SYN_001737,DEVELOPMENT
SYN_001738,DEVELOPMENT
SYN_001739,DEVELOPMENT
SYN_001740,HOLDOUT
SYN_001741,DEVELOPMENT
SYN_001742,HOLDOUT
SYN_001743,DEVELOPMENT
SYN_001744,HOLDOUT
SYN_001745,DEVELOPMENT
SYN_001746,HOLDOUT
SYN_001747,HOLDOUT
SYN_001748,DEVELOPMENT
SYN_001749,HOLDOUT
SYN_001750,DEVELOPMENT
SYN_001751,DEVELOPMENT
SYN_001752,DEVELOPMENT
SYN_001753,DEVELOPMENT
SYN_001754,DEVELOPMENT
SYN_001755,DEVELOPMENT
SYN_001756,DEVELOPMENT
SYN_001757,DEVELOPMENT
SYN_001758,HOLDOUT
SYN_001759,HOLDOUT
SYN_001760,HOLDOUT
SYN_001761,DEVELOPMENT
SYN_001762,DEVELOPMENT
SYN_001763,DEVELOPMENT
SYN_001764,DEVELOPMENT
SYN_001765,HOLDOUT
SYN_001766,DEVELOPMENT
SYN_001767,DEVELOPMENT
SYN_001768,DEVELOPMENT
SYN_001769,DEVELOPMENT
SYN_001770,HOLDOUT
SYN_001771,DEVELOPMENT
SYN_001772,DEVELOPMENT
SYN_001773,DEVELOPMENT
SYN_001774,DEVELOPMENT
SYN_001775,DEVELOPMENT
SYN_001776,DEVELOPMENT
SYN_001777,DEVELOPMENT
SYN_001778,HOLDOUT
SYN_001779,HOLDOUT
SYN_001780,DEVELOPMENT
SYN_001781,DEVELOPMENT
SYN_001782,DEVELOPMENT
SYN_001783,DEVELOPMENT
SYN_001784,DEVELOPMENT
SYN_001785,DEVELOPMENT
SYN_001786,DEVELOPMENT
SYN_001787,DEVELOPMENT
SYN_001788,DEVELOPMENT
SYN_001789,DEVELOPMENT
SYN_001790,DEVELOPMENT
SYN_001791,DEVELOPMENT
SYN_001792,DEVELOPMENT
SYN_001793,DEVELOPMENT
SYN_001794,DEVELOPMENT
SYN_001795,DEVELOPMENT
SYN_001796,DEVELOPMENT
SYN_001797,DEVELOPMENT
SYN_001798,DEVELOPMENT
SYN_001799,HOLDOUT
SYN_001800,DEVELOPMENT
SYN_001801,DEVELOPMENT
SYN_001802,DEVELOPMENT
SYN_001803,DEVELOPMENT
SYN_001804,DEVELOPMENT
SYN_001805,DEVELOPMENT
SYN_001806,DEVELOPMENT
SYN_001807,DEVELOPMENT
SYN_001808,DEVELOPMENT
SYN_001809,DEVELOPMENT
SYN_001810,HOLDOUT
SYN_001811,DEVELOPMENT
SYN_001812,DEVELOPMENT
SYN_001813,DEVELOPMENT
SYN_001814,DEVELOPMENT
SYN_001815,DEVELOPMENT
SYN_001816,DEVELOPMENT
SYN_001817,DEVELOPMENT
SYN_001818,DEVELOPMENT
SYN_001819,HOLDOUT
SYN_001820,DEVELOPMENT
SYN_001821,DEVELOPMENT
SYN_001822,DEVELOPMENT
SYN_001823,HOLDOUT
SYN_001824,DEVELOPMENT
SYN_001825,HOLDOUT
SYN_001826,DEVELOPMENT
SYN_001827,DEVELOPMENT
SYN_001828,DEVELOPMENT
SYN_001829,DEVELOPMENT
SYN_001830,DEVELOPMENT
SYN_001831,HOLDOUT
SYN_001832,DEVELOPMENT
SYN_001833,HOLDOUT
SYN_001834,HOLDOUT
SYN_001835,HOLDOUT
SYN_001836,DEVELOPMENT
SYN_001837,DEVELOPMENT
SYN_001838,DEVELOPMENT
SYN_001839,DEVELOPMENT
SYN_001840,DEVELOPMENT
SYN_001841,DEVELOPMENT
SYN_001842,DEVELOPMENT
SYN_001843,DEVELOPMENT
SYN_001844,DEVELOPMENT
SYN_001845,DEVELOPMENT
SYN_001846,DEVELOPMENT
SYN_001847,DEVELOPMENT
SYN_001848,DEVELOPMENT
SYN_001849,HOLDOUT
SYN_001850,DEVELOPMENT
SYN_001851,DEVELOPMENT
SYN_001852,DEVELOPMENT
SYN_001853,DEVELOPMENT
SYN_001854,DEVELOPMENT
SYN_001855,DEVELOPMENT
SYN_001856,DEVELOPMENT
SYN_001857,DEVELOPMENT
SYN_001858,HOLDOUT
SYN_001859,DEVELOPMENT
SYN_001860,HOLDOUT
SYN_001861,DEVELOPMENT
SYN_001862,DEVELOPMENT
SYN_001863,DEVELOPMENT
SYN_001864,DEVELOPMENT
SYN_001865,DEVELOPMENT
SYN_001866,HOLDOUT
SYN_001867,HOLDOUT
SYN_001868,HOLDOUT
SYN_001869,DEVELOPMENT
SYN_001870,DEVELOPMENT
SYN_001871,HOLDOUT
SYN_001872,DEVELOPMENT
SYN_001873,HOLDOUT
SYN_001874,HOLDOUT
SYN_001875,DEVELOPMENT
SYN_001876,DEVELOPMENT
SYN_001877,HOLDOUT
SYN_001878,HOLDOUT
SYN_001879,DEVELOPMENT
SYN_001880,DEVELOPMENT
SYN_001881,DEVELOPMENT
SYN_001882,DEVELOPMENT
SYN_001883,DEVELOPMENT
SYN_001884,HOLDOUT
SYN_001885,HOLDOUT
SYN_001886,DEVELOPMENT
SYN_001887,DEVELOPMENT
SYN_001888,DEVELOPMENT
SYN_001889,DEVELOPMENT
SYN_001890,DEVELOPMENT
SYN_001891,DEVELOPMENT
SYN_001892,HOLDOUT
SYN_001893,HOLDOUT
SYN_001894,DEVELOPMENT
SYN_001895,DEVELOPMENT
SYN_001896,DEVELOPMENT
SYN_001897,DEVELOPMENT
SYN_001898,DEVELOPMENT
SYN_001899,DEVELOPMENT
SYN_001900,DEVELOPMENT
SYN_001901,HOLDOUT
SYN_001902,HOLDOUT
SYN_001903,DEVELOPMENT
SYN_001904,DEVELOPMENT
SYN_001905,DEVELOPMENT
SYN_001906,HOLDOUT
SYN_001907,DEVELOPMENT
SYN_001908,DEVELOPMENT
SYN_001909,DEVELOPMENT
SYN_001910,DEVELOPMENT
SYN_001911,DEVELOPMENT
SYN_001912,DEVELOPMENT
SYN_001913,HOLDOUT
SYN_001914,DEVELOPMENT
SYN_001915,DEVELOPMENT
SYN_001916,DEVELOPMENT
SYN_001917,DEVELOPMENT
SYN_001918,DEVELOPMENT
SYN_001919,DEVELOPMENT
SYN_001920,DEVELOPMENT
SYN_001921,HOLDOUT
SYN_001922,DEVELOPMENT
SYN_001923,DEVELOPMENT
SYN_001924,DEVELOPMENT
SYN_001925,DEVELOPMENT
SYN_001926,DEVELOPMENT
SYN_001927,HOLDOUT
SYN_001928,DEVELOPMENT
SYN_001929,DEVELOPMENT
SYN_001930,DEVELOPMENT
SYN_001931,DEVELOPMENT
SYN_001932,DEVELOPMENT
SYN_001933,DEVELOPMENT
SYN_001934,DEVELOPMENT
SYN_001935,DEVELOPMENT
SYN_001936,DEVELOPMENT
SYN_001937,DEVELOPMENT
SYN_001938,DEVELOPMENT
SYN_001939,DEVELOPMENT
SYN_001940,HOLDOUT
SYN_001941,HOLDOUT
SYN_001942,DEVELOPMENT
SYN_001943,DEVELOPMENT
SYN_001944,DEVELOPMENT
SYN_001945,HOLDOUT
SYN_001946,HOLDOUT
SYN_001947,HOLDOUT
SYN_001948,DEVELOPMENT
SYN_001949,DEVELOPMENT
SYN_001950,DEVELOPMENT
SYN_001951,DEVELOPMENT
SYN_001952,DEVELOPMENT
SYN_001953,DEVELOPMENT
SYN_001954,DEVELOPMENT
SYN_001955,DEVELOPMENT
SYN_001956,DEVELOPMENT
SYN_001957,DEVELOPMENT
SYN_001958,DEVELOPMENT
SYN_001959,DEVELOPMENT
SYN_001960,HOLDOUT
SYN_001961,HOLDOUT
SYN_001962,DEVELOPMENT
SYN_001963,DEVELOPMENT
SYN_001964,DEVELOPMENT
SYN_001965,HOLDOUT
SYN_001966,DEVELOPMENT
SYN_001967,DEVELOPMENT
SYN_001968,DEVELOPMENT
SYN_001969,DEVELOPMENT
SYN_001970,DEVELOPMENT
SYN_001971,DEVELOPMENT
SYN_001972,DEVELOPMENT
SYN_001973,DEVELOPMENT
SYN_001974,DEVELOPMENT
SYN_001975,DEVELOPMENT
SYN_001976,DEVELOPMENT
SYN_001977,DEVELOPMENT
SYN_001978,HOLDOUT
SYN_001979,DEVELOPMENT
SYN_001980,HOLDOUT
SYN_001981,DEVELOPMENT
SYN_001982,DEVELOPMENT
SYN_001983,HOLDOUT
SYN_001984,DEVELOPMENT
SYN_001985,DEVELOPMENT
SYN_001986,DEVELOPMENT
SYN_001987,DEVELOPMENT
SYN_001988,DEVELOPMENT
SYN_001989,DEVELOPMENT
SYN_001990,DEVELOPMENT
SYN_001991,DEVELOPMENT
SYN_001992,DEVELOPMENT
SYN_001993,DEVELOPMENT
SYN_001994,DEVELOPMENT
SYN_001995,HOLDOUT
SYN_001996,DEVELOPMENT
SYN_001997,DEVELOPMENT
SYN_001998,DEVELOPMENT
SYN_001999,DEVELOPMENT
SYN_002000,HOLDOUT
SYN_002001,DEVELOPMENT
SYN_002002,DEVELOPMENT
SYN_002003,DEVELOPMENT
SYN_002004,HOLDOUT
SYN_002005,DEVELOPMENT
SYN_002006,HOLDOUT
SYN_002007,DEVELOPMENT
SYN_002008,DEVELOPMENT
SYN_002009,DEVELOPMENT
SYN_002010,DEVELOPMENT
SYN_002011,DEVELOPMENT
SYN_002012,DEVELOPMENT
SYN_002013,DEVELOPMENT
SYN_002014,DEVELOPMENT
SYN_002015,DEVELOPMENT
SYN_002016,DEVELOPMENT
SYN_002017,DEVELOPMENT
SYN_002018,DEVELOPMENT
SYN_002019,DEVELOPMENT
SYN_002020,DEVELOPMENT
SYN_002021,HOLDOUT
SYN_002022,HOLDOUT
SYN_002023,DEVELOPMENT
SYN_002024,DEVELOPMENT
SYN_002025,DEVELOPMENT
SYN_002026,HOLDOUT
SYN_002027,DEVELOPMENT
SYN_002028,DEVELOPMENT
SYN_002029,DEVELOPMENT
SYN_002030,DEVELOPMENT
SYN_002031,HOLDOUT
SYN_002032,DEVELOPMENT
SYN_002033,DEVELOPMENT
SYN_002034,DEVELOPMENT
SYN_002035,DEVELOPMENT
SYN_002036,HOLDOUT
SYN_002037,DEVELOPMENT
SYN_002038,DEVELOPMENT
SYN_002039,DEVELOPMENT
SYN_002040,HOLDOUT
SYN_002041,DEVELOPMENT
SYN_002042,DEVELOPMENT
SYN_002043,HOLDOUT
SYN_002044,DEVELOPMENT
SYN_002045,DEVELOPMENT
SYN_002046,DEVELOPMENT
SYN_002047,DEVELOPMENT
SYN_002048,DEVELOPMENT
SYN_002049,DEVELOPMENT
SYN_002050,DEVELOPMENT
SYN_002051,HOLDOUT
SYN_002052,DEVELOPMENT
SYN_002053,HOLDOUT
SYN_002054,DEVELOPMENT
SYN_002055,DEVELOPMENT
SYN_002056,DEVELOPMENT
SYN_002057,DEVELOPMENT
SYN_002058,HOLDOUT
SYN_002059,DEVELOPMENT
SYN_002060,DEVELOPMENT
SYN_002061,DEVELOPMENT
SYN_002062,DEVELOPMENT
SYN_002063,DEVELOPMENT
SYN_002064,DEVELOPMENT
SYN_002065,DEVELOPMENT
SYN_002066,HOLDOUT
SYN_002067,DEVELOPMENT
SYN_002068,DEVELOPMENT
SYN_002069,DEVELOPMENT
SYN_002070,DEVELOPMENT
SYN_002071,HOLDOUT
SYN_002072,DEVELOPMENT
SYN_002073,DEVELOPMENT
SYN_002074,DEVELOPMENT
SYN_002075,DEVELOPMENT
SYN_002076,DEVELOPMENT
SYN_002077,DEVELOPMENT
SYN_002078,HOLDOUT
SYN_002079,DEVELOPMENT
SYN_002080,HOLDOUT
SYN_002081,DEVELOPMENT
SYN_002082,HOLDOUT
SYN_002083,DEVELOPMENT
SYN_002084,DEVELOPMENT
SYN_002085,DEVELOPMENT
SYN_002086,DEVELOPMENT
SYN_002087,DEVELOPMENT
SYN_002088,DEVELOPMENT
SYN_002089,HOLDOUT
SYN_002090,DEVELOPMENT
SYN_002091,DEVELOPMENT
SYN_002092,DEVELOPMENT
SYN_002093,DEVELOPMENT
SYN_002094,HOLDOUT
SYN_002095,DEVELOPMENT
SYN_002096,DEVELOPMENT
SYN_002097,DEVELOPMENT
SYN_002098,HOLDOUT
SYN_002099,DEVELOPMENT
SYN_002100,DEVELOPMENT
SYN_002101,DEVELOPMENT
SYN_002102,HOLDOUT
SYN_002103,DEVELOPMENT
SYN_002104,DEVELOPMENT
SYN_002105,DEVELOPMENT
SYN_002106,DEVELOPMENT
SYN_002107,DEVELOPMENT
SYN_002108,DEVELOPMENT
SYN_002109,DEVELOPMENT
SYN_002110,DEVELOPMENT
SYN_002111,DEVELOPMENT
SYN_002112,HOLDOUT
SYN_002113,DEVELOPMENT
SYN_002114,DEVELOPMENT
SYN_002115,DEVELOPMENT
SYN_002116,DEVELOPMENT
SYN_002117,DEVELOPMENT
SYN_002118,DEVELOPMENT
SYN_002119,HOLDOUT
SYN_002120,DEVELOPMENT
SYN_002121,DEVELOPMENT
SYN_002122,DEVELOPMENT
SYN_002123,DEVELOPMENT
SYN_002124,DEVELOPMENT
SYN_002125,DEVELOPMENT
SYN_002126,DEVELOPMENT
SYN_002127,DEVELOPMENT
SYN_002128,DEVELOPMENT
SYN_002129,DEVELOPMENT
SYN_002130,DEVELOPMENT
SYN_002131,HOLDOUT
SYN_002132,DEVELOPMENT
SYN_002133,DEVELOPMENT
SYN_002134,DEVELOPMENT
SYN_002135,DEVELOPMENT
SYN_002136,DEVELOPMENT
SYN_002137,DEVELOPMENT
SYN_002138,DEVELOPMENT
SYN_002139,DEVELOPMENT
SYN_002140,HOLDOUT
SYN_002141,HOLDOUT
SYN_002142,DEVELOPMENT
SYN_002143,DEVELOPMENT
SYN_002144,HOLDOUT
SYN_002145,DEVELOPMENT
SYN_002146,DEVELOPMENT
SYN_002147,DEVELOPMENT
SYN_002148,HOLDOUT
SYN_002149,DEVELOPMENT
SYN_002150,DEVELOPMENT
SYN_002151,DEVELOPMENT
SYN_002152,DEVELOPMENT
SYN_002153,DEVELOPMENT
SYN_002154,HOLDOUT
SYN_002155,DEVELOPMENT
SYN_002156,DEVELOPMENT
SYN_002157,HOLDOUT
SYN_002158,DEVELOPMENT
SYN_002159,HOLDOUT
SYN_002160,HOLDOUT
SYN_002161,HOLDOUT
SYN_002162,DEVELOPMENT
SYN_002163,DEVELOPMENT
SYN_002164,DEVELOPMENT
SYN_002165,DEVELOPMENT
SYN_002166,DEVELOPMENT
SYN_002167,DEVELOPMENT
SYN_002168,DEVELOPMENT
SYN_002169,DEVELOPMENT
SYN_002170,DEVELOPMENT
SYN_002171,DEVELOPMENT
SYN_002172,HOLDOUT
SYN_002173,DEVELOPMENT
SYN_002174,HOLDOUT
SYN_002175,DEVELOPMENT
SYN_002176,HOLDOUT
SYN_002177,DEVELOPMENT
SYN_002178,DEVELOPMENT
SYN_002179,DEVELOPMENT
SYN_002180,DEVELOPMENT
SYN_002181,DEVELOPMENT
SYN_002182,DEVELOPMENT
SYN_002183,DEVELOPMENT
SYN_002184,DEVELOPMENT
SYN_002185,DEVELOPMENT
SYN_002186,DEVELOPMENT
SYN_002187,DEVELOPMENT
SYN_002188,DEVELOPMENT
SYN_002189,HOLDOUT
SYN_002190,DEVELOPMENT
SYN_002191,DEVELOPMENT
SYN_002192,DEVELOPMENT
SYN_002193,DEVELOPMENT
SYN_002194,HOLDOUT
SYN_002195,DEVELOPMENT
SYN_002196,HOLDOUT
SYN_002197,DEVELOPMENT
SYN_002198,DEVELOPMENT
SYN_002199,HOLDOUT
SYN_002200,DEVELOPMENT
SYN_002201,DEVELOPMENT
SYN_002202,DEVELOPMENT
SYN_002203,DEVELOPMENT
SYN_002204,DEVELOPMENT
SYN_002205,DEVELOPMENT
SYN_002206,DEVELOPMENT
SYN_002207,DEVELOPMENT
SYN_002208,DEVELOPMENT
SYN_002209,DEVELOPMENT
SYN_002210,DEVELOPMENT
SYN_002211,DEVELOPMENT
SYN_002212,DEVELOPMENT
SYN_002213,HOLDOUT
SYN_002214,DEVELOPMENT
SYN_002215,DEVELOPMENT
SYN_002216,HOLDOUT
SYN_002217,DEVELOPMENT
SYN_002218,HOLDOUT
SYN_002219,DEVELOPMENT
SYN_002220,DEVELOPMENT
SYN_002221,DEVELOPMENT
SYN_002222,DEVELOPMENT
SYN_002223,HOLDOUT
SYN_002224,DEVELOPMENT
SYN_002225,DEVELOPMENT
SYN_002226,HOLDOUT
SYN_002227,DEVELOPMENT
SYN_002228,DEVELOPMENT
SYN_002229,DEVELOPMENT
SYN_002230,HOLDOUT
SYN_002231,DEVELOPMENT
SYN_002232,HOLDOUT
SYN_002233,DEVELOPMENT
SYN_002234,DEVELOPMENT
SYN_002235,DEVELOPMENT
SYN_002236,DEVELOPMENT
SYN_002237,DEVELOPMENT
SYN_002238,DEVELOPMENT
SYN_002239,HOLDOUT
SYN_002240,HOLDOUT
SYN_002241,DEVELOPMENT
SYN_002242,DEVELOPMENT
SYN_002243,DEVELOPMENT
SYN_002244,DEVELOPMENT
SYN_002245,DEVELOPMENT
SYN_002246,HOLDOUT
SYN_002247,DEVELOPMENT
SYN_002248,HOLDOUT
SYN_002249,DEVELOPMENT
SYN_002250,DEVELOPMENT
SYN_002251,DEVELOPMENT
SYN_002252,DEVELOPMENT
SYN_002253,DEVELOPMENT
SYN_002254,DEVELOPMENT
SYN_002255,DEVELOPMENT
SYN_002256,DEVELOPMENT
SYN_002257,HOLDOUT
SYN_002258,DEVELOPMENT
SYN_002259,DEVELOPMENT
SYN_002260,DEVELOPMENT
SYN_002261,DEVELOPMENT
SYN_002262,DEVELOPMENT
SYN_002263,DEVELOPMENT
SYN_002264,DEVELOPMENT
SYN_002265,DEVELOPMENT
SYN_002266,DEVELOPMENT
SYN_002267,DEVELOPMENT
SYN_002268,DEVELOPMENT
SYN_002269,DEVELOPMENT
SYN_002270,DEVELOPMENT
SYN_002271,HOLDOUT
SYN_002272,DEVELOPMENT
SYN_002273,DEVELOPMENT
SYN_002274,DEVELOPMENT
SYN_002275,DEVELOPMENT
SYN_002276,DEVELOPMENT
SYN_002277,DEVELOPMENT
SYN_002278,HOLDOUT
SYN_002279,DEVELOPMENT
SYN_002280,DEVELOPMENT
SYN_002281,DEVELOPMENT
SYN_002282,DEVELOPMENT
SYN_002283,DEVELOPMENT
SYN_002284,HOLDOUT
SYN_002285,HOLDOUT
SYN_002286,DEVELOPMENT
SYN_002287,DEVELOPMENT
SYN_002288,DEVELOPMENT
SYN_002289,HOLDOUT
SYN_002290,HOLDOUT
SYN_002291,DEVELOPMENT
SYN_002292,DEVELOPMENT
SYN_002293,DEVELOPMENT
SYN_002294,DEVELOPMENT
SYN_002295,HOLDOUT
SYN_002296,HOLDOUT
SYN_002297,DEVELOPMENT
SYN_002298,HOLDOUT
SYN_002299,DEVELOPMENT
SYN_002300,DEVELOPMENT
SYN_002301,DEVELOPMENT
SYN_002302,HOLDOUT
SYN_002303,DEVELOPMENT
SYN_002304,DEVELOPMENT
SYN_002305,DEVELOPMENT
SYN_002306,DEVELOPMENT
SYN_002307,DEVELOPMENT
SYN_002308,DEVELOPMENT
SYN_002309,HOLDOUT
SYN_002310,DEVELOPMENT
SYN_002311,DEVELOPMENT
SYN_002312,DEVELOPMENT
SYN_002313,DEVELOPMENT
SYN_002314,HOLDOUT
SYN_002315,DEVELOPMENT
SYN_002316,DEVELOPMENT
SYN_002317,DEVELOPMENT
SYN_002318,DEVELOPMENT
SYN_002319,DEVELOPMENT
SYN_002320,DEVELOPMENT
SYN_002321,DEVELOPMENT
SYN_002322,HOLDOUT
SYN_002323,DEVELOPMENT
SYN_002324,HOLDOUT
SYN_002325,DEVELOPMENT
SYN_002326,DEVELOPMENT
SYN_002327,DEVELOPMENT
SYN_002328,DEVELOPMENT
SYN_002329,DEVELOPMENT
SYN_002330,HOLDOUT
SYN_002331,DEVELOPMENT
SYN_002332,DEVELOPMENT
SYN_002333,DEVELOPMENT
SYN_002334,DEVELOPMENT
SYN_002335,DEVELOPMENT
SYN_002336,DEVELOPMENT
SYN_002337,DEVELOPMENT
SYN_002338,DEVELOPMENT
SYN_002339,DEVELOPMENT
SYN_002340,DEVELOPMENT
SYN_002341,DEVELOPMENT
SYN_002342,HOLDOUT
SYN_002343,HOLDOUT
SYN_002344,DEVELOPMENT
SYN_002345,DEVELOPMENT
SYN_002346,DEVELOPMENT
SYN_002347,DEVELOPMENT
SYN_002348,DEVELOPMENT
SYN_002349,DEVELOPMENT
SYN_002350,DEVELOPMENT
SYN_002351,DEVELOPMENT
SYN_002352,DEVELOPMENT
SYN_002353,HOLDOUT
SYN_002354,DEVELOPMENT
SYN_002355,DEVELOPMENT
SYN_002356,DEVELOPMENT
SYN_002357,DEVELOPMENT
SYN_002358,HOLDOUT
SYN_002359,HOLDOUT
SYN_002360,DEVELOPMENT
SYN_002361,DEVELOPMENT
SYN_002362,DEVELOPMENT
SYN_002363,DEVELOPMENT
SYN_002364,DEVELOPMENT
SYN_002365,DEVELOPMENT
SYN_002366,DEVELOPMENT
SYN_002367,DEVELOPMENT
SYN_002368,DEVELOPMENT
SYN_002369,HOLDOUT
SYN_002370,DEVELOPMENT
SYN_002371,DEVELOPMENT
SYN_002372,DEVELOPMENT
SYN_002373,DEVELOPMENT
SYN_002374,DEVELOPMENT
SYN_002375,DEVELOPMENT
SYN_002376,HOLDOUT
SYN_002377,DEVELOPMENT
SYN_002378,DEVELOPMENT
SYN_002379,DEVELOPMENT
SYN_002380,DEVELOPMENT
SYN_002381,DEVELOPMENT
SYN_002382,HOLDOUT
SYN_002383,DEVELOPMENT
SYN_002384,DEVELOPMENT
SYN_002385,DEVELOPMENT
SYN_002386,HOLDOUT
SYN_002387,DEVELOPMENT
SYN_002388,DEVELOPMENT
SYN_002389,DEVELOPMENT
SYN_002390,DEVELOPMENT
SYN_002391,DEVELOPMENT
SYN_002392,HOLDOUT
SYN_002393,HOLDOUT
SYN_002394,DEVELOPMENT
SYN_002395,DEVELOPMENT
SYN_002396,DEVELOPMENT
SYN_002397,DEVELOPMENT
SYN_002398,DEVELOPMENT
SYN_002399,DEVELOPMENT
SYN_002400,DEVELOPMENT
SYN_002401,HOLDOUT
SYN_002402,HOLDOUT
SYN_002403,HOLDOUT
SYN_002404,DEVELOPMENT
SYN_002405,DEVELOPMENT
SYN_002406,DEVELOPMENT
SYN_002407,DEVELOPMENT
SYN_002408,DEVELOPMENT
SYN_002409,DEVELOPMENT
SYN_002410,DEVELOPMENT
SYN_002411,DEVELOPMENT
SYN_002412,DEVELOPMENT
SYN_002413,DEVELOPMENT
SYN_002414,DEVELOPMENT
SYN_002415,HOLDOUT
SYN_002416,DEVELOPMENT
SYN_002417,DEVELOPMENT
SYN_002418,HOLDOUT
SYN_002419,DEVELOPMENT
SYN_002420,DEVELOPMENT
SYN_002421,DEVELOPMENT
SYN_002422,DEVELOPMENT
SYN_002423,DEVELOPMENT
SYN_002424,DEVELOPMENT
SYN_002425,HOLDOUT
SYN_002426,DEVELOPMENT
SYN_002427,DEVELOPMENT
SYN_002428,HOLDOUT
SYN_002429,DEVELOPMENT
SYN_002430,DEVELOPMENT
SYN_002431,DEVELOPMENT
SYN_002432,DEVELOPMENT
SYN_002433,DEVELOPMENT
SYN_002434,DEVELOPMENT
SYN_002435,DEVELOPMENT
SYN_002436,HOLDOUT
SYN_002437,DEVELOPMENT
SYN_002438,DEVELOPMENT
SYN_002439,DEVELOPMENT
SYN_002440,DEVELOPMENT
SYN_002441,DEVELOPMENT
SYN_002442,DEVELOPMENT
SYN_002443,DEVELOPMENT
SYN_002444,DEVELOPMENT
SYN_002445,DEVELOPMENT
SYN_002446,DEVELOPMENT
SYN_002447,HOLDOUT
SYN_002448,DEVELOPMENT
SYN_002449,DEVELOPMENT
SYN_002450,DEVELOPMENT
SYN_002451,DEVELOPMENT
SYN_002452,DEVELOPMENT
SYN_002453,DEVELOPMENT
SYN_002454,DEVELOPMENT
SYN_002455,DEVELOPMENT
SYN_002456,DEVELOPMENT
SYN_002457,DEVELOPMENT
SYN_002458,DEVELOPMENT
SYN_002459,DEVELOPMENT
SYN_002460,DEVELOPMENT
SYN_002461,DEVELOPMENT
SYN_002462,DEVELOPMENT
SYN_002463,DEVELOPMENT
SYN_002464,DEVELOPMENT
SYN_002465,DEVELOPMENT
SYN_002466,DEVELOPMENT
SYN_002467,DEVELOPMENT
SYN_002468,HOLDOUT
SYN_002469,HOLDOUT
SYN_002470,HOLDOUT
SYN_002471,DEVELOPMENT
SYN_002472,DEVELOPMENT
SYN_002473,DEVELOPMENT
SYN_002474,HOLDOUT
SYN_002475,DEVELOPMENT
SYN_002476,HOLDOUT
SYN_002477,DEVELOPMENT
SYN_002478,DEVELOPMENT
SYN_002479,DEVELOPMENT
SYN_002480,HOLDOUT
SYN_002481,HOLDOUT
SYN_002482,DEVELOPMENT
SYN_002483,HOLDOUT
SYN_002484,DEVELOPMENT
SYN_002485,DEVELOPMENT
SYN_002486,DEVELOPMENT
SYN_002487,DEVELOPMENT
SYN_002488,DEVELOPMENT
SYN_002489,DEVELOPMENT
SYN_002490,DEVELOPMENT
SYN_002491,DEVELOPMENT
SYN_002492,DEVELOPMENT
SYN_002493,HOLDOUT
SYN_002494,HOLDOUT
SYN_002495,HOLDOUT
SYN_002496,DEVELOPMENT
SYN_002497,DEVELOPMENT
SYN_002498,DEVELOPMENT
SYN_002499,DEVELOPMENT
SYN_002500,DEVELOPMENT
SYN_002501,DEVELOPMENT
SYN_002502,DEVELOPMENT
SYN_002503,HOLDOUT
SYN_002504,DEVELOPMENT
SYN_002505,DEVELOPMENT
SYN_002506,DEVELOPMENT
SYN_002507,DEVELOPMENT
SYN_002508,DEVELOPMENT
SYN_002509,DEVELOPMENT
SYN_002510,DEVELOPMENT
SYN_002511,DEVELOPMENT
SYN_002512,DEVELOPMENT
SYN_002513,DEVELOPMENT
SYN_002514,HOLDOUT
SYN_002515,DEVELOPMENT
SYN_002516,DEVELOPMENT
SYN_002517,DEVELOPMENT
SYN_002518,DEVELOPMENT
SYN_002519,DEVELOPMENT
SYN_002520,DEVELOPMENT
SYN_002521,DEVELOPMENT
SYN_002522,HOLDOUT
SYN_002523,DEVELOPMENT
SYN_002524,DEVELOPMENT
SYN_002525,DEVELOPMENT
SYN_002526,DEVELOPMENT
SYN_002527,DEVELOPMENT
SYN_002528,HOLDOUT
SYN_002529,DEVELOPMENT
SYN_002530,DEVELOPMENT
SYN_002531,DEVELOPMENT
SYN_002532,HOLDOUT
SYN_002533,HOLDOUT
SYN_002534,HOLDOUT
SYN_002535,DEVELOPMENT
SYN_002536,DEVELOPMENT
SYN_002537,HOLDOUT
SYN_002538,HOLDOUT
SYN_002539,DEVELOPMENT
SYN_002540,HOLDOUT
SYN_002541,DEVELOPMENT
SYN_002542,DEVELOPMENT
SYN_002543,DEVELOPMENT
SYN_002544,DEVELOPMENT
SYN_002545,HOLDOUT
SYN_002546,DEVELOPMENT
SYN_002547,DEVELOPMENT
SYN_002548,HOLDOUT
SYN_002549,DEVELOPMENT
SYN_002550,DEVELOPMENT
SYN_002551,DEVELOPMENT
SYN_002552,DEVELOPMENT
SYN_002553,DEVELOPMENT
SYN_002554,DEVELOPMENT
SYN_002555,DEVELOPMENT
SYN_002556,DEVELOPMENT
SYN_002557,DEVELOPMENT
SYN_002558,DEVELOPMENT
SYN_002559,DEVELOPMENT
SYN_002560,HOLDOUT
SYN_002561,DEVELOPMENT
SYN_002562,DEVELOPMENT
SYN_002563,DEVELOPMENT
SYN_002564,DEVELOPMENT
SYN_002565,DEVELOPMENT
SYN_002566,HOLDOUT
SYN_002567,DEVELOPMENT
SYN_002568,DEVELOPMENT
SYN_002569,DEVELOPMENT
SYN_002570,DEVELOPMENT
SYN_002571,DEVELOPMENT
SYN_002572,DEVELOPMENT
SYN_002573,DEVELOPMENT
SYN_002574,HOLDOUT
SYN_002575,DEVELOPMENT
SYN_002576,DEVELOPMENT
SYN_002577,DEVELOPMENT
SYN_002578,DEVELOPMENT
SYN_002579,HOLDOUT
SYN_002580,DEVELOPMENT
SYN_002581,DEVELOPMENT
SYN_002582,HOLDOUT
SYN_002583,DEVELOPMENT
SYN_002584,DEVELOPMENT
SYN_002585,HOLDOUT
SYN_002586,DEVELOPMENT
SYN_002587,DEVELOPMENT
SYN_002588,DEVELOPMENT
SYN_002589,HOLDOUT
SYN_002590,DEVELOPMENT
SYN_002591,HOLDOUT
SYN_002592,DEVELOPMENT
SYN_002593,DEVELOPMENT
SYN_002594,DEVELOPMENT
SYN_002595,DEVELOPMENT
SYN_002596,DEVELOPMENT
SYN_002597,HOLDOUT
SYN_002598,DEVELOPMENT
SYN_002599,DEVELOPMENT
SYN_002600,DEVELOPMENT
SYN_002601,DEVELOPMENT
SYN_002602,DEVELOPMENT
SYN_002603,DEVELOPMENT
SYN_002604,HOLDOUT
SYN_002605,DEVELOPMENT
SYN_002606,DEVELOPMENT
SYN_002607,DEVELOPMENT
SYN_002608,DEVELOPMENT
SYN_002609,DEVELOPMENT
SYN_002610,DEVELOPMENT
SYN_002611,HOLDOUT
SYN_002612,DEVELOPMENT
SYN_002613,DEVELOPMENT
SYN_002614,DEVELOPMENT
SYN_002615,DEVELOPMENT
SYN_002616,DEVELOPMENT
SYN_002617,DEVELOPMENT
SYN_002618,DEVELOPMENT
SYN_002619,DEVELOPMENT
SYN_002620,DEVELOPMENT
SYN_002621,DEVELOPMENT
SYN_002622,DEVELOPMENT
SYN_002623,HOLDOUT
SYN_002624,DEVELOPMENT
SYN_002625,DEVELOPMENT
SYN_002626,DEVELOPMENT
SYN_002627,DEVELOPMENT
SYN_002628,DEVELOPMENT
SYN_002629,DEVELOPMENT
SYN_002630,DEVELOPMENT
SYN_002631,DEVELOPMENT
SYN_002632,DEVELOPMENT
SYN_002633,DEVELOPMENT
SYN_002634,DEVELOPMENT
SYN_002635,DEVELOPMENT
SYN_002636,HOLDOUT
SYN_002637,HOLDOUT
SYN_002638,DEVELOPMENT
SYN_002639,DEVELOPMENT
SYN_002640,DEVELOPMENT
SYN_002641,DEVELOPMENT
SYN_002642,DEVELOPMENT
SYN_002643,DEVELOPMENT
SYN_002644,DEVELOPMENT
SYN_002645,DEVELOPMENT
SYN_002646,DEVELOPMENT
SYN_002647,DEVELOPMENT
SYN_002648,DEVELOPMENT
SYN_002649,DEVELOPMENT
SYN_002650,HOLDOUT
SYN_002651,DEVELOPMENT
SYN_002652,HOLDOUT
SYN_002653,DEVELOPMENT
SYN_002654,DEVELOPMENT
SYN_002655,DEVELOPMENT
SYN_002656,DEVELOPMENT
SYN_002657,DEVELOPMENT
SYN_002658,DEVELOPMENT
SYN_002659,DEVELOPMENT
SYN_002660,DEVELOPMENT
SYN_002661,DEVELOPMENT
SYN_002662,DEVELOPMENT
SYN_002663,DEVELOPMENT
SYN_002664,DEVELOPMENT
SYN_002665,DEVELOPMENT
SYN_002666,HOLDOUT
SYN_002667,DEVELOPMENT
SYN_002668,DEVELOPMENT
SYN_002669,DEVELOPMENT
SYN_002670,DEVELOPMENT
SYN_002671,DEVELOPMENT
SYN_002672,DEVELOPMENT
SYN_002673,DEVELOPMENT
SYN_002674,HOLDOUT
SYN_002675,HOLDOUT
SYN_002676,DEVELOPMENT
SYN_002677,DEVELOPMENT
SYN_002678,DEVELOPMENT
SYN_002679,DEVELOPMENT
SYN_002680,HOLDOUT
SYN_002681,DEVELOPMENT
SYN_002682,DEVELOPMENT
SYN_002683,DEVELOPMENT
SYN_002684,DEVELOPMENT
SYN_002685,DEVELOPMENT
SYN_002686,HOLDOUT
SYN_002687,DEVELOPMENT
SYN_002688,DEVELOPMENT
SYN_002689,DEVELOPMENT
SYN_002690,HOLDOUT
SYN_002691,HOLDOUT
SYN_002692,DEVELOPMENT
SYN_002693,HOLDOUT
SYN_002694,DEVELOPMENT
SYN_002695,DEVELOPMENT
SYN_002696,HOLDOUT
SYN_002697,DEVELOPMENT
SYN_002698,DEVELOPMENT
SYN_002699,DEVELOPMENT
SYN_002700,HOLDOUT
SYN_002701,DEVELOPMENT
SYN_002702,DEVELOPMENT
SYN_002703,DEVELOPMENT
SYN_002704,DEVELOPMENT
SYN_002705,DEVELOPMENT
SYN_002706,DEVELOPMENT
SYN_002707,DEVELOPMENT
SYN_002708,DEVELOPMENT
SYN_002709,DEVELOPMENT
SYN_002710,DEVELOPMENT
SYN_002711,DEVELOPMENT
SYN_002712,DEVELOPMENT
SYN_002713,HOLDOUT
SYN_002714,DEVELOPMENT
SYN_002715,DEVELOPMENT
SYN_002716,HOLDOUT
SYN_002717,DEVELOPMENT
SYN_002718,DEVELOPMENT
SYN_002719,DEVELOPMENT
SYN_002720,HOLDOUT
SYN_002721,DEVELOPMENT
SYN_002722,DEVELOPMENT
SYN_002723,DEVELOPMENT
SYN_002724,DEVELOPMENT
SYN_002725,DEVELOPMENT
SYN_002726,HOLDOUT
SYN_002727,DEVELOPMENT
SYN_002728,DEVELOPMENT
SYN_002729,DEVELOPMENT
SYN_002730,DEVELOPMENT
SYN_002731,HOLDOUT
SYN_002732,DEVELOPMENT
SYN_002733,DEVELOPMENT
SYN_002734,HOLDOUT
SYN_002735,HOLDOUT
SYN_002736,DEVELOPMENT
SYN_002737,DEVELOPMENT
SYN_002738,DEVELOPMENT
SYN_002739,DEVELOPMENT
SYN_002740,DEVELOPMENT
SYN_002741,DEVELOPMENT
SYN_002742,DEVELOPMENT
SYN_002743,DEVELOPMENT
SYN_002744,DEVELOPMENT
SYN_002745,DEVELOPMENT
SYN_002746,DEVELOPMENT
SYN_002747,DEVELOPMENT
SYN_002748,DEVELOPMENT
SYN_002749,DEVELOPMENT
SYN_002750,DEVELOPMENT
SYN_002751,DEVELOPMENT
SYN_002752,DEVELOPMENT
SYN_002753,DEVELOPMENT
SYN_002754,DEVELOPMENT
SYN_002755,DEVELOPMENT
SYN_002756,DEVELOPMENT
SYN_002757,DEVELOPMENT
SYN_002758,HOLDOUT
SYN_002759,DEVELOPMENT
SYN_002760,HOLDOUT
SYN_002761,DEVELOPMENT
SYN_002762,HOLDOUT
SYN_002763,DEVELOPMENT
SYN_002764,DEVELOPMENT
SYN_002765,HOLDOUT
SYN_002766,DEVELOPMENT
SYN_002767,HOLDOUT
SYN_002768,DEVELOPMENT
SYN_002769,DEVELOPMENT
SYN_002770,DEVELOPMENT
SYN_002771,DEVELOPMENT
SYN_002772,DEVELOPMENT
SYN_002773,DEVELOPMENT
SYN_002774,DEVELOPMENT
SYN_002775,DEVELOPMENT
SYN_002776,HOLDOUT
SYN_002777,DEVELOPMENT
SYN_002778,HOLDOUT
SYN_002779,DEVELOPMENT
SYN_002780,DEVELOPMENT
SYN_002781,DEVELOPMENT
SYN_002782,DEVELOPMENT
SYN_002783,HOLDOUT
SYN_002784,DEVELOPMENT
SYN_002785,DEVELOPMENT
SYN_002786,DEVELOPMENT
SYN_002787,DEVELOPMENT
SYN_002788,DEVELOPMENT
SYN_002789,DEVELOPMENT
SYN_002790,HOLDOUT
SYN_002791,DEVELOPMENT
SYN_002792,DEVELOPMENT
SYN_002793,DEVELOPMENT
SYN_002794,DEVELOPMENT
SYN_002795,DEVELOPMENT
SYN_002796,DEVELOPMENT
SYN_002797,DEVELOPMENT
SYN_002798,HOLDOUT
SYN_002799,DEVELOPMENT
SYN_002800,HOLDOUT
SYN_002801,DEVELOPMENT
SYN_002802,DEVELOPMENT
SYN_002803,DEVELOPMENT
SYN_002804,HOLDOUT
SYN_002805,DEVELOPMENT
SYN_002806,DEVELOPMENT
SYN_002807,DEVELOPMENT
SYN_002808,DEVELOPMENT
SYN_002809,DEVELOPMENT
SYN_002810,DEVELOPMENT
SYN_002811,DEVELOPMENT
SYN_002812,DEVELOPMENT
SYN_002813,DEVELOPMENT
SYN_002814,HOLDOUT
SYN_002815,DEVELOPMENT
SYN_002816,DEVELOPMENT
SYN_002817,DEVELOPMENT
SYN_002818,HOLDOUT
SYN_002819,DEVELOPMENT
SYN_002820,DEVELOPMENT
SYN_002821,DEVELOPMENT
SYN_002822,DEVELOPMENT
SYN_002823,DEVELOPMENT
SYN_002824,HOLDOUT
SYN_002825,DEVELOPMENT
SYN_002826,DEVELOPMENT
SYN_002827,DEVELOPMENT
SYN_002828,HOLDOUT
SYN_002829,DEVELOPMENT
SYN_002830,HOLDOUT
SYN_002831,DEVELOPMENT
SYN_002832,DEVELOPMENT
SYN_002833,DEVELOPMENT
SYN_002834,DEVELOPMENT
SYN_002835,DEVELOPMENT
SYN_002836,DEVELOPMENT
SYN_002837,HOLDOUT
SYN_002838,DEVELOPMENT
SYN_002839,DEVELOPMENT
SYN_002840,DEVELOPMENT
SYN_002841,DEVELOPMENT
SYN_002842,DEVELOPMENT
SYN_002843,HOLDOUT
SYN_002844,HOLDOUT
SYN_002845,HOLDOUT
SYN_002846,DEVELOPMENT
SYN_002847,DEVELOPMENT
SYN_002848,HOLDOUT
SYN_002849,DEVELOPMENT
SYN_002850,HOLDOUT
SYN_002851,DEVELOPMENT
SYN_002852,DEVELOPMENT
SYN_002853,HOLDOUT
SYN_002854,DEVELOPMENT
SYN_002855,DEVELOPMENT
SYN_002856,DEVELOPMENT
SYN_002857,DEVELOPMENT
SYN_002858,DEVELOPMENT
SYN_002859,HOLDOUT
SYN_002860,DEVELOPMENT
SYN_002861,DEVELOPMENT
SYN_002862,HOLDOUT
SYN_002863,DEVELOPMENT
SYN_002864,DEVELOPMENT
SYN_002865,DEVELOPMENT
SYN_002866,HOLDOUT
SYN_002867,DEVELOPMENT
SYN_002868,DEVELOPMENT
SYN_002869,DEVELOPMENT
SYN_002870,DEVELOPMENT
SYN_002871,DEVELOPMENT
SYN_002872,DEVELOPMENT
SYN_002873,DEVELOPMENT
SYN_002874,DEVELOPMENT
SYN_002875,HOLDOUT
SYN_002876,DEVELOPMENT
SYN_002877,DEVELOPMENT
SYN_002878,HOLDOUT
SYN_002879,DEVELOPMENT
SYN_002880,DEVELOPMENT
SYN_002881,DEVELOPMENT
SYN_002882,HOLDOUT
SYN_002883,HOLDOUT
SYN_002884,HOLDOUT
SYN_002885,DEVELOPMENT
SYN_002886,HOLDOUT
SYN_002887,DEVELOPMENT
SYN_002888,DEVELOPMENT
SYN_002889,HOLDOUT
SYN_002890,DEVELOPMENT
SYN_002891,DEVELOPMENT
SYN_002892,DEVELOPMENT
SYN_002893,DEVELOPMENT
SYN_002894,DEVELOPMENT
SYN_002895,HOLDOUT
SYN_002896,DEVELOPMENT
SYN_002897,DEVELOPMENT
SYN_002898,DEVELOPMENT
SYN_002899,DEVELOPMENT
SYN_002900,HOLDOUT
SYN_002901,DEVELOPMENT
SYN_002902,HOLDOUT
SYN_002903,HOLDOUT
SYN_002904,DEVELOPMENT
SYN_002905,DEVELOPMENT
SYN_002906,HOLDOUT
SYN_002907,HOLDOUT
SYN_002908,DEVELOPMENT
SYN_002909,DEVELOPMENT
SYN_002910,DEVELOPMENT
SYN_002911,DEVELOPMENT
SYN_002912,DEVELOPMENT
SYN_002913,HOLDOUT
SYN_002914,DEVELOPMENT
SYN_002915,DEVELOPMENT
SYN_002916,DEVELOPMENT
SYN_002917,DEVELOPMENT
SYN_002918,DEVELOPMENT
SYN_002919,DEVELOPMENT
SYN_002920,DEVELOPMENT
SYN_002921,DEVELOPMENT
SYN_002922,DEVELOPMENT
SYN_002923,DEVELOPMENT
SYN_002924,DEVELOPMENT
SYN_002925,HOLDOUT
SYN_002926,DEVELOPMENT
SYN_002927,DEVELOPMENT
SYN_002928,DEVELOPMENT
SYN_002929,DEVELOPMENT
SYN_002930,HOLDOUT
SYN_002931,DEVELOPMENT
SYN_002932,DEVELOPMENT
SYN_002933,DEVELOPMENT
SYN_002934,DEVELOPMENT
SYN_002935,HOLDOUT
SYN_002936,DEVELOPMENT
SYN_002937,DEVELOPMENT
SYN_002938,HOLDOUT
SYN_002939,DEVELOPMENT
SYN_002940,DEVELOPMENT
SYN_002941,DEVELOPMENT
SYN_002942,DEVELOPMENT
SYN_002943,DEVELOPMENT
SYN_002944,HOLDOUT
SYN_002945,DEVELOPMENT
SYN_002946,DEVELOPMENT
SYN_002947,DEVELOPMENT
SYN_002948,DEVELOPMENT
SYN_002949,DEVELOPMENT
SYN_002950,DEVELOPMENT
SYN_002951,DEVELOPMENT
SYN_002952,DEVELOPMENT
SYN_002953,DEVELOPMENT
SYN_002954,DEVELOPMENT
SYN_002955,DEVELOPMENT
SYN_002956,DEVELOPMENT
SYN_002957,DEVELOPMENT
SYN_002958,HOLDOUT
SYN_002959,HOLDOUT
SYN_002960,DEVELOPMENT
SYN_002961,DEVELOPMENT
SYN_002962,DEVELOPMENT
SYN_002963,HOLDOUT
SYN_002964,DEVELOPMENT
SYN_002965,DEVELOPMENT
SYN_002966,DEVELOPMENT
SYN_002967,HOLDOUT
SYN_002968,HOLDOUT
SYN_002969,HOLDOUT
SYN_002970,HOLDOUT
SYN_002971,DEVELOPMENT
SYN_002972,DEVELOPMENT
SYN_002973,DEVELOPMENT
SYN_002974,DEVELOPMENT
SYN_002975,DEVELOPMENT
SYN_002976,DEVELOPMENT
SYN_002977,DEVELOPMENT
SYN_002978,DEVELOPMENT
SYN_002979,DEVELOPMENT
SYN_002980,DEVELOPMENT
SYN_002981,DEVELOPMENT
SYN_002982,DEVELOPMENT
SYN_002983,HOLDOUT
SYN_002984,DEVELOPMENT
SYN_002985,DEVELOPMENT
SYN_002986,DEVELOPMENT
SYN_002987,DEVELOPMENT
SYN_002988,DEVELOPMENT
SYN_002989,DEVELOPMENT
SYN_002990,DEVELOPMENT
SYN_002991,DEVELOPMENT
SYN_002992,DEVELOPMENT
SYN_002993,DEVELOPMENT
SYN_002994,HOLDOUT
SYN_002995,DEVELOPMENT
SYN_002996,DEVELOPMENT
SYN_002997,DEVELOPMENT
SYN_002998,DEVELOPMENT
SYN_002999,DEVELOPMENT
SYN_003000,DEVELOPMENT
SYN_003001,DEVELOPMENT
SYN_003002,DEVELOPMENT
SYN_003003,DEVELOPMENT
SYN_003004,HOLDOUT
SYN_003005,DEVELOPMENT
SYN_003006,HOLDOUT
SYN_003007,DEVELOPMENT
SYN_003008,HOLDOUT
SYN_003009,DEVELOPMENT
SYN_003010,DEVELOPMENT
SYN_003011,DEVELOPMENT
SYN_003012,DEVELOPMENT
SYN_003013,HOLDOUT
SYN_003014,DEVELOPMENT
SYN_003015,HOLDOUT
SYN_003016,DEVELOPMENT
SYN_003017,DEVELOPMENT
SYN_003018,DEVELOPMENT
SYN_003019,DEVELOPMENT
SYN_003020,DEVELOPMENT
SYN_003021,DEVELOPMENT
SYN_003022,HOLDOUT
SYN_003023,DEVELOPMENT
SYN_003024,DEVELOPMENT
SYN_003025,DEVELOPMENT
SYN_003026,DEVELOPMENT
SYN_003027,DEVELOPMENT
SYN_003028,DEVELOPMENT
SYN_003029,DEVELOPMENT
SYN_003030,DEVELOPMENT
SYN_003031,DEVELOPMENT
SYN_003032,DEVELOPMENT
SYN_003033,DEVELOPMENT
SYN_003034,DEVELOPMENT
SYN_003035,DEVELOPMENT
SYN_003036,DEVELOPMENT
SYN_003037,DEVELOPMENT
SYN_003038,HOLDOUT
SYN_003039,DEVELOPMENT
SYN_003040,DEVELOPMENT
SYN_003041,DEVELOPMENT
SYN_003042,DEVELOPMENT
SYN_003043,HOLDOUT
SYN_003044,HOLDOUT
SYN_003045,HOLDOUT
SYN_003046,DEVELOPMENT
SYN_003047,DEVELOPMENT
SYN_003048,HOLDOUT
SYN_003049,DEVELOPMENT
SYN_003050,DEVELOPMENT
SYN_003051,HOLDOUT
SYN_003052,DEVELOPMENT
SYN_003053,DEVELOPMENT
SYN_003054,DEVELOPMENT
SYN_003055,DEVELOPMENT
SYN_003056,DEVELOPMENT
SYN_003057,DEVELOPMENT
SYN_003058,DEVELOPMENT
SYN_003059,DEVELOPMENT
SYN_003060,HOLDOUT
SYN_003061,DEVELOPMENT
SYN_003062,DEVELOPMENT
SYN_003063,HOLDOUT
SYN_003064,DEVELOPMENT
SYN_003065,DEVELOPMENT
SYN_003066,DEVELOPMENT
SYN_003067,HOLDOUT
SYN_003068,HOLDOUT
SYN_003069,DEVELOPMENT
SYN_003070,DEVELOPMENT
SYN_003071,DEVELOPMENT
SYN_003072,DEVELOPMENT
SYN_003073,DEVELOPMENT
SYN_003074,DEVELOPMENT
SYN_003075,DEVELOPMENT
SYN_003076,HOLDOUT
SYN_003077,DEVELOPMENT
SYN_003078,DEVELOPMENT
SYN_003079,DEVELOPMENT
SYN_003080,HOLDOUT
SYN_003081,DEVELOPMENT
SYN_003082,DEVELOPMENT
SYN_003083,DEVELOPMENT
SYN_003084,HOLDOUT
SYN_003085,DEVELOPMENT
SYN_003086,DEVELOPMENT
SYN_003087,DEVELOPMENT
SYN_003088,DEVELOPMENT
SYN_003089,DEVELOPMENT
SYN_003090,DEVELOPMENT
SYN_003091,DEVELOPMENT
SYN_003092,DEVELOPMENT
SYN_003093,HOLDOUT
SYN_003094,DEVELOPMENT
SYN_003095,DEVELOPMENT
SYN_003096,DEVELOPMENT
SYN_003097,DEVELOPMENT
SYN_003098,DEVELOPMENT
SYN_003099,DEVELOPMENT
SYN_003100,DEVELOPMENT
SYN_003101,DEVELOPMENT
SYN_003102,DEVELOPMENT
SYN_003103,DEVELOPMENT
SYN_003104,DEVELOPMENT
SYN_003105,DEVELOPMENT
SYN_003106,DEVELOPMENT
SYN_003107,DEVELOPMENT
SYN_003108,HOLDOUT
SYN_003109,DEVELOPMENT
SYN_003110,HOLDOUT
SYN_003111,DEVELOPMENT
SYN_003112,HOLDOUT
SYN_003113,DEVELOPMENT
SYN_003114,DEVELOPMENT
SYN_003115,HOLDOUT
SYN_003116,DEVELOPMENT
SYN_003117,DEVELOPMENT
SYN_003118,DEVELOPMENT
SYN_003119,DEVELOPMENT
SYN_003120,DEVELOPMENT
SYN_003121,HOLDOUT
SYN_003122,HOLDOUT
SYN_003123,DEVELOPMENT
SYN_003124,DEVELOPMENT
SYN_003125,HOLDOUT
SYN_003126,HOLDOUT
SYN_003127,DEVELOPMENT
SYN_003128,DEVELOPMENT
SYN_003129,DEVELOPMENT
SYN_003130,DEVELOPMENT
SYN_003131,DEVELOPMENT
SYN_003132,DEVELOPMENT
SYN_003133,DEVELOPMENT
SYN_003134,HOLDOUT
SYN_003135,DEVELOPMENT
SYN_003136,DEVELOPMENT
SYN_003137,DEVELOPMENT
SYN_003138,DEVELOPMENT
SYN_003139,DEVELOPMENT
SYN_003140,DEVELOPMENT
SYN_003141,DEVELOPMENT
SYN_003142,DEVELOPMENT
SYN_003143,DEVELOPMENT
SYN_003144,DEVELOPMENT
SYN_003145,DEVELOPMENT
SYN_003146,HOLDOUT
SYN_003147,DEVELOPMENT
SYN_003148,HOLDOUT
SYN_003149,HOLDOUT
SYN_003150,DEVELOPMENT
SYN_003151,DEVELOPMENT
SYN_003152,HOLDOUT
SYN_003153,HOLDOUT
SYN_003154,DEVELOPMENT
SYN_003155,DEVELOPMENT
SYN_003156,DEVELOPMENT
SYN_003157,DEVELOPMENT
SYN_003158,DEVELOPMENT
SYN_003159,DEVELOPMENT
SYN_003160,DEVELOPMENT
SYN_003161,DEVELOPMENT
SYN_003162,DEVELOPMENT
SYN_003163,DEVELOPMENT
SYN_003164,DEVELOPMENT
SYN_003165,HOLDOUT
SYN_003166,DEVELOPMENT
SYN_003167,DEVELOPMENT
SYN_003168,DEVELOPMENT
SYN_003169,DEVELOPMENT
SYN_003170,HOLDOUT
SYN_003171,DEVELOPMENT
SYN_003172,DEVELOPMENT
SYN_003173,DEVELOPMENT
SYN_003174,DEVELOPMENT
SYN_003175,DEVELOPMENT
SYN_003176,DEVELOPMENT
SYN_003177,DEVELOPMENT
SYN_003178,DEVELOPMENT
SYN_003179,DEVELOPMENT
SYN_003180,HOLDOUT
SYN_003181,DEVELOPMENT
SYN_003182,DEVELOPMENT
SYN_003183,HOLDOUT
SYN_003184,HOLDOUT
SYN_003185,DEVELOPMENT
SYN_003186,DEVELOPMENT
SYN_003187,DEVELOPMENT
SYN_003188,DEVELOPMENT
SYN_003189,HOLDOUT
SYN_003190,DEVELOPMENT
SYN_003191,DEVELOPMENT
SYN_003192,DEVELOPMENT
SYN_003193,DEVELOPMENT
SYN_003194,HOLDOUT
SYN_003195,DEVELOPMENT
SYN_003196,DEVELOPMENT
SYN_003197,HOLDOUT
SYN_003198,DEVELOPMENT
SYN_003199,HOLDOUT
SYN_003200,DEVELOPMENT
SYN_003201,DEVELOPMENT
SYN_003202,DEVELOPMENT
SYN_003203,DEVELOPMENT
SYN_003204,DEVELOPMENT
SYN_003205,HOLDOUT
SYN_003206,DEVELOPMENT
SYN_003207,DEVELOPMENT
SYN_003208,DEVELOPMENT
SYN_003209,DEVELOPMENT
SYN_003210,DEVELOPMENT
SYN_003211,DEVELOPMENT
SYN_003212,HOLDOUT
SYN_003213,DEVELOPMENT
SYN_003214,DEVELOPMENT
SYN_003215,DEVELOPMENT
SYN_003216,DEVELOPMENT
SYN_003217,DEVELOPMENT
SYN_003218,DEVELOPMENT
SYN_003219,DEVELOPMENT
SYN_003220,DEVELOPMENT
SYN_003221,HOLDOUT
SYN_003222,DEVELOPMENT
SYN_003223,HOLDOUT
SYN_003224,DEVELOPMENT
SYN_003225,HOLDOUT
SYN_003226,DEVELOPMENT
SYN_003227,DEVELOPMENT
SYN_003228,DEVELOPMENT
SYN_003229,DEVELOPMENT
SYN_003230,DEVELOPMENT
SYN_003231,DEVELOPMENT
SYN_003232,HOLDOUT
SYN_003233,DEVELOPMENT
SYN_003234,DEVELOPMENT
SYN_003235,DEVELOPMENT
SYN_003236,HOLDOUT
SYN_003237,DEVELOPMENT
SYN_003238,DEVELOPMENT
SYN_003239,DEVELOPMENT
SYN_003240,DEVELOPMENT
SYN_003241,DEVELOPMENT
SYN_003242,DEVELOPMENT
SYN_003243,HOLDOUT
SYN_003244,DEVELOPMENT
SYN_003245,DEVELOPMENT
SYN_003246,DEVELOPMENT
SYN_003247,DEVELOPMENT
SYN_003248,DEVELOPMENT
SYN_003249,HOLDOUT
SYN_003250,DEVELOPMENT
SYN_003251,DEVELOPMENT
SYN_003252,HOLDOUT
SYN_003253,DEVELOPMENT
SYN_003254,HOLDOUT
SYN_003255,DEVELOPMENT
SYN_003256,DEVELOPMENT
SYN_003257,DEVELOPMENT
SYN_003258,DEVELOPMENT
SYN_003259,DEVELOPMENT
SYN_003260,DEVELOPMENT
SYN_003261,DEVELOPMENT
SYN_003262,DEVELOPMENT
SYN_003263,DEVELOPMENT
SYN_003264,DEVELOPMENT
SYN_003265,DEVELOPMENT
SYN_003266,DEVELOPMENT
SYN_003267,DEVELOPMENT
SYN_003268,DEVELOPMENT
SYN_003269,HOLDOUT
SYN_003270,DEVELOPMENT
SYN_003271,DEVELOPMENT
SYN_003272,DEVELOPMENT
SYN_003273,DEVELOPMENT
SYN_003274,DEVELOPMENT
SYN_003275,DEVELOPMENT
SYN_003276,DEVELOPMENT
SYN_003277,HOLDOUT
SYN_003278,DEVELOPMENT
SYN_003279,DEVELOPMENT
SYN_003280,HOLDOUT
SYN_003281,DEVELOPMENT
SYN_003282,DEVELOPMENT
SYN_003283,DEVELOPMENT
SYN_003284,DEVELOPMENT
SYN_003285,DEVELOPMENT
SYN_003286,HOLDOUT
SYN_003287,DEVELOPMENT
SYN_003288,DEVELOPMENT
SYN_003289,DEVELOPMENT
SYN_003290,DEVELOPMENT
SYN_003291,HOLDOUT
SYN_003292,DEVELOPMENT
SYN_003293,DEVELOPMENT
SYN_003294,DEVELOPMENT
SYN_003295,DEVELOPMENT
SYN_003296,DEVELOPMENT
SYN_003297,DEVELOPMENT
SYN_003298,DEVELOPMENT
SYN_003299,HOLDOUT
SYN_003300,DEVELOPMENT
SYN_003301,DEVELOPMENT
SYN_003302,DEVELOPMENT
SYN_003303,DEVELOPMENT
SYN_003304,DEVELOPMENT
SYN_003305,DEVELOPMENT
SYN_003306,HOLDOUT
SYN_003307,DEVELOPMENT
SYN_003308,DEVELOPMENT
SYN_003309,HOLDOUT
SYN_003310,DEVELOPMENT
SYN_003311,HOLDOUT
SYN_003312,HOLDOUT
SYN_003313,DEVELOPMENT
SYN_003314,DEVELOPMENT
SYN_003315,HOLDOUT
SYN_003316,DEVELOPMENT
SYN_003317,DEVELOPMENT
SYN_003318,DEVELOPMENT
SYN_003319,HOLDOUT
SYN_003320,DEVELOPMENT
SYN_003321,HOLDOUT
SYN_003322,HOLDOUT
SYN_003323,DEVELOPMENT
SYN_003324,DEVELOPMENT
SYN_003325,DEVELOPMENT
SYN_003326,HOLDOUT
SYN_003327,DEVELOPMENT
SYN_003328,DEVELOPMENT
SYN_003329,DEVELOPMENT
SYN_003330,DEVELOPMENT
SYN_003331,DEVELOPMENT
SYN_003332,DEVELOPMENT
SYN_003333,DEVELOPMENT
SYN_003334,DEVELOPMENT
SYN_003335,DEVELOPMENT
SYN_003336,DEVELOPMENT
SYN_003337,DEVELOPMENT
SYN_003338,DEVELOPMENT
SYN_003339,DEVELOPMENT
SYN_003340,DEVELOPMENT
SYN_003341,DEVELOPMENT
SYN_003342,DEVELOPMENT
SYN_003343,DEVELOPMENT
SYN_003344,DEVELOPMENT
SYN_003345,DEVELOPMENT
SYN_003346,DEVELOPMENT
SYN_003347,DEVELOPMENT
SYN_003348,HOLDOUT
SYN_003349,HOLDOUT
SYN_003350,HOLDOUT
SYN_003351,DEVELOPMENT
SYN_003352,HOLDOUT
SYN_003353,DEVELOPMENT
SYN_003354,DEVELOPMENT
SYN_003355,DEVELOPMENT
SYN_003356,DEVELOPMENT
SYN_003357,DEVELOPMENT
SYN_003358,DEVELOPMENT
SYN_003359,HOLDOUT
SYN_003360,HOLDOUT
SYN_003361,HOLDOUT
SYN_003362,DEVELOPMENT
SYN_003363,DEVELOPMENT
SYN_003364,DEVELOPMENT
SYN_003365,DEVELOPMENT
SYN_003366,DEVELOPMENT
SYN_003367,DEVELOPMENT
SYN_003368,DEVELOPMENT
SYN_003369,DEVELOPMENT
SYN_003370,DEVELOPMENT
SYN_003371,DEVELOPMENT
SYN_003372,DEVELOPMENT
SYN_003373,DEVELOPMENT
SYN_003374,DEVELOPMENT
SYN_003375,DEVELOPMENT
SYN_003376,DEVELOPMENT
SYN_003377,DEVELOPMENT
SYN_003378,DEVELOPMENT
SYN_003379,HOLDOUT
SYN_003380,DEVELOPMENT
SYN_003381,DEVELOPMENT
SYN_003382,DEVELOPMENT
SYN_003383,DEVELOPMENT
SYN_003384,DEVELOPMENT
SYN_003385,DEVELOPMENT
SYN_003386,HOLDOUT
SYN_003387,DEVELOPMENT
SYN_003388,DEVELOPMENT
SYN_003389,DEVELOPMENT
SYN_003390,DEVELOPMENT
SYN_003391,DEVELOPMENT
SYN_003392,DEVELOPMENT
SYN_003393,HOLDOUT
SYN_003394,DEVELOPMENT
SYN_003395,DEVELOPMENT
SYN_003396,DEVELOPMENT
SYN_003397,DEVELOPMENT
SYN_003398,DEVELOPMENT
SYN_003399,DEVELOPMENT
SYN_003400,DEVELOPMENT
SYN_003401,DEVELOPMENT
SYN_003402,DEVELOPMENT
SYN_003403,DEVELOPMENT
SYN_003404,DEVELOPMENT
SYN_003405,DEVELOPMENT
SYN_003406,DEVELOPMENT
SYN_003407,DEVELOPMENT
SYN_003408,DEVELOPMENT
SYN_003409,HOLDOUT
SYN_003410,DEVELOPMENT
SYN_003411,HOLDOUT
SYN_003412,DEVELOPMENT
SYN_003413,DEVELOPMENT
SYN_003414,HOLDOUT
SYN_003415,DEVELOPMENT
SYN_003416,DEVELOPMENT
SYN_003417,DEVELOPMENT
SYN_003418,DEVELOPMENT
SYN_003419,DEVELOPMENT
SYN_003420,DEVELOPMENT
SYN_003421,DEVELOPMENT
SYN_003422,DEVELOPMENT
SYN_003423,DEVELOPMENT
SYN_003424,DEVELOPMENT
SYN_003425,DEVELOPMENT
SYN_003426,DEVELOPMENT
SYN_003427,DEVELOPMENT
SYN_003428,DEVELOPMENT
SYN_003429,DEVELOPMENT
SYN_003430,DEVELOPMENT
SYN_003431,DEVELOPMENT
SYN_003432,DEVELOPMENT
SYN_003433,DEVELOPMENT
SYN_003434,DEVELOPMENT
SYN_003435,DEVELOPMENT
SYN_003436,DEVELOPMENT
SYN_003437,DEVELOPMENT
SYN_003438,DEVELOPMENT
SYN_003439,DEVELOPMENT
SYN_003440,DEVELOPMENT
SYN_003441,HOLDOUT
SYN_003442,DEVELOPMENT
SYN_003443,HOLDOUT
SYN_003444,DEVELOPMENT
SYN_003445,DEVELOPMENT
SYN_003446,DEVELOPMENT
SYN_003447,HOLDOUT
SYN_003448,HOLDOUT
SYN_003449,DEVELOPMENT
SYN_003450,DEVELOPMENT
SYN_003451,DEVELOPMENT
SYN_003452,HOLDOUT
SYN_003453,DEVELOPMENT
SYN_003454,DEVELOPMENT
SYN_003455,DEVELOPMENT
SYN_003456,DEVELOPMENT
SYN_003457,DEVELOPMENT
SYN_003458,HOLDOUT
SYN_003459,DEVELOPMENT
SYN_003460,DEVELOPMENT
SYN_003461,HOLDOUT
SYN_003462,DEVELOPMENT
SYN_003463,DEVELOPMENT
SYN_003464,DEVELOPMENT
SYN_003465,DEVELOPMENT
SYN_003466,DEVELOPMENT
SYN_003467,DEVELOPMENT
SYN_003468,DEVELOPMENT
SYN_003469,DEVELOPMENT
SYN_003470,DEVELOPMENT
SYN_003471,DEVELOPMENT
SYN_003472,DEVELOPMENT
SYN_003473,DEVELOPMENT
SYN_003474,DEVELOPMENT
SYN_003475,DEVELOPMENT
SYN_003476,DEVELOPMENT
SYN_003477,DEVELOPMENT
SYN_003478,HOLDOUT
SYN_003479,HOLDOUT
SYN_003480,HOLDOUT
SYN_003481,DEVELOPMENT
SYN_003482,DEVELOPMENT
SYN_003483,HOLDOUT
SYN_003484,DEVELOPMENT
SYN_003485,HOLDOUT
SYN_003486,DEVELOPMENT
SYN_003487,DEVELOPMENT
SYN_003488,DEVELOPMENT
SYN_003489,DEVELOPMENT
SYN_003490,DEVELOPMENT
SYN_003491,DEVELOPMENT
SYN_003492,DEVELOPMENT
SYN_003493,DEVELOPMENT
SYN_003494,HOLDOUT
SYN_003495,DEVELOPMENT
SYN_003496,DEVELOPMENT
SYN_003497,HOLDOUT
SYN_003498,DEVELOPMENT
SYN_003499,DEVELOPMENT
SYN_003500,DEVELOPMENT
SYN_003501,DEVELOPMENT
SYN_003502,HOLDOUT
SYN_003503,DEVELOPMENT
SYN_003504,DEVELOPMENT
SYN_003505,DEVELOPMENT
SYN_003506,DEVELOPMENT
SYN_003507,DEVELOPMENT
SYN_003508,DEVELOPMENT
SYN_003509,HOLDOUT
SYN_003510,DEVELOPMENT
SYN_003511,DEVELOPMENT
SYN_003512,DEVELOPMENT
SYN_003513,DEVELOPMENT
SYN_003514,HOLDOUT
SYN_003515,DEVELOPMENT
SYN_003516,DEVELOPMENT
SYN_003517,HOLDOUT
SYN_003518,HOLDOUT
SYN_003519,HOLDOUT
SYN_003520,DEVELOPMENT
SYN_003521,DEVELOPMENT
SYN_003522,DEVELOPMENT
SYN_003523,DEVELOPMENT
SYN_003524,DEVELOPMENT
SYN_003525,DEVELOPMENT
SYN_003526,DEVELOPMENT
SYN_003527,DEVELOPMENT
SYN_003528,DEVELOPMENT
SYN_003529,DEVELOPMENT
SYN_003530,HOLDOUT
SYN_003531,DEVELOPMENT
SYN_003532,DEVELOPMENT
SYN_003533,DEVELOPMENT
SYN_003534,DEVELOPMENT
SYN_003535,DEVELOPMENT
SYN_003536,DEVELOPMENT
SYN_003537,DEVELOPMENT
SYN_003538,DEVELOPMENT
SYN_003539,DEVELOPMENT
SYN_003540,DEVELOPMENT
SYN_003541,HOLDOUT
SYN_003542,DEVELOPMENT
SYN_003543,DEVELOPMENT
SYN_003544,DEVELOPMENT
SYN_003545,DEVELOPMENT
SYN_003546,DEVELOPMENT
SYN_003547,DEVELOPMENT
SYN_003548,DEVELOPMENT
SYN_003549,DEVELOPMENT
SYN_003550,DEVELOPMENT
SYN_003551,DEVELOPMENT
SYN_003552,DEVELOPMENT
SYN_003553,DEVELOPMENT
SYN_003554,DEVELOPMENT
SYN_003555,HOLDOUT
SYN_003556,HOLDOUT
SYN_003557,DEVELOPMENT
SYN_003558,DEVELOPMENT
SYN_003559,HOLDOUT
SYN_003560,HOLDOUT
SYN_003561,DEVELOPMENT
SYN_003562,HOLDOUT
SYN_003563,DEVELOPMENT
SYN_003564,DEVELOPMENT
SYN_003565,DEVELOPMENT
SYN_003566,DEVELOPMENT
SYN_003567,DEVELOPMENT
SYN_003568,DEVELOPMENT
SYN_003569,DEVELOPMENT
SYN_003570,DEVELOPMENT
SYN_003571,DEVELOPMENT
SYN_003572,DEVELOPMENT
SYN_003573,DEVELOPMENT
SYN_003574,DEVELOPMENT
SYN_003575,DEVELOPMENT
SYN_003576,DEVELOPMENT
SYN_003577,HOLDOUT
SYN_003578,DEVELOPMENT
SYN_003579,HOLDOUT
SYN_003580,DEVELOPMENT
SYN_003581,DEVELOPMENT
SYN_003582,DEVELOPMENT
SYN_003583,DEVELOPMENT
SYN_003584,DEVELOPMENT
SYN_003585,DEVELOPMENT
SYN_003586,HOLDOUT
SYN_003587,DEVELOPMENT
SYN_003588,DEVELOPMENT
SYN_003589,DEVELOPMENT
SYN_003590,DEVELOPMENT
SYN_003591,DEVELOPMENT
SYN_003592,DEVELOPMENT
SYN_003593,DEVELOPMENT
SYN_003594,DEVELOPMENT
SYN_003595,HOLDOUT
SYN_003596,DEVELOPMENT
SYN_003597,DEVELOPMENT
SYN_003598,DEVELOPMENT
SYN_003599,DEVELOPMENT
SYN_003600,DEVELOPMENT
SYN_003601,HOLDOUT
SYN_003602,HOLDOUT
SYN_003603,DEVELOPMENT
SYN_003604,DEVELOPMENT
SYN_003605,DEVELOPMENT
SYN_003606,DEVELOPMENT
SYN_003607,DEVELOPMENT
SYN_003608,DEVELOPMENT
SYN_003609,DEVELOPMENT
SYN_003610,DEVELOPMENT
SYN_003611,DEVELOPMENT
SYN_003612,DEVELOPMENT
SYN_003613,HOLDOUT
SYN_003614,DEVELOPMENT
SYN_003615,DEVELOPMENT
SYN_003616,DEVELOPMENT
SYN_003617,DEVELOPMENT
SYN_003618,DEVELOPMENT
SYN_003619,HOLDOUT
SYN_003620,DEVELOPMENT
SYN_003621,DEVELOPMENT
SYN_003622,HOLDOUT
SYN_003623,DEVELOPMENT
SYN_003624,HOLDOUT
SYN_003625,DEVELOPMENT
SYN_003626,DEVELOPMENT
SYN_003627,HOLDOUT
SYN_003628,DEVELOPMENT
SYN_003629,HOLDOUT
SYN_003630,DEVELOPMENT
SYN_003631,DEVELOPMENT
SYN_003632,DEVELOPMENT
SYN_003633,DEVELOPMENT
SYN_003634,HOLDOUT
SYN_003635,DEVELOPMENT
SYN_003636,DEVELOPMENT
SYN_003637,DEVELOPMENT
SYN_003638,DEVELOPMENT
SYN_003639,DEVELOPMENT
SYN_003640,DEVELOPMENT
SYN_003641,DEVELOPMENT
SYN_003642,DEVELOPMENT
SYN_003643,DEVELOPMENT
SYN_003644,DEVELOPMENT
SYN_003645,DEVELOPMENT
SYN_003646,DEVELOPMENT
SYN_003647,DEVELOPMENT
SYN_003648,DEVELOPMENT
SYN_003649,DEVELOPMENT
SYN_003650,DEVELOPMENT
SYN_003651,DEVELOPMENT
SYN_003652,HOLDOUT
SYN_003653,DEVELOPMENT
SYN_003654,HOLDOUT
SYN_003655,DEVELOPMENT
SYN_003656,DEVELOPMENT
SYN_003657,DEVELOPMENT
SYN_003658,DEVELOPMENT
SYN_003659,DEVELOPMENT
SYN_003660,DEVELOPMENT
SYN_003661,HOLDOUT
SYN_003662,HOLDOUT
SYN_003663,DEVELOPMENT
SYN_003664,DEVELOPMENT
SYN_003665,DEVELOPMENT
SYN_003666,DEVELOPMENT
SYN_003667,DEVELOPMENT
SYN_003668,DEVELOPMENT
SYN_003669,DEVELOPMENT
SYN_003670,HOLDOUT
SYN_003671,DEVELOPMENT
SYN_003672,DEVELOPMENT
SYN_003673,HOLDOUT
SYN_003674,DEVELOPMENT
SYN_003675,DEVELOPMENT
SYN_003676,DEVELOPMENT
SYN_003677,DEVELOPMENT
SYN_003678,DEVELOPMENT
SYN_003679,DEVELOPMENT
SYN_003680,DEVELOPMENT
SYN_003681,HOLDOUT
SYN_003682,DEVELOPMENT
SYN_003683,HOLDOUT
SYN_003684,HOLDOUT
SYN_003685,DEVELOPMENT
SYN_003686,DEVELOPMENT
SYN_003687,DEVELOPMENT
SYN_003688,HOLDOUT
SYN_003689,DEVELOPMENT
SYN_003690,DEVELOPMENT
SYN_003691,DEVELOPMENT
SYN_003692,DEVELOPMENT
SYN_003693,HOLDOUT
SYN_003694,DEVELOPMENT
SYN_003695,DEVELOPMENT
SYN_003696,DEVELOPMENT
SYN_003697,DEVELOPMENT
SYN_003698,DEVELOPMENT
SYN_003699,HOLDOUT
SYN_003700,DEVELOPMENT
SYN_003701,DEVELOPMENT
SYN_003702,HOLDOUT
SYN_003703,HOLDOUT
SYN_003704,DEVELOPMENT
SYN_003705,DEVELOPMENT
SYN_003706,DEVELOPMENT
SYN_003707,HOLDOUT
SYN_003708,DEVELOPMENT
SYN_003709,DEVELOPMENT
SYN_003710,DEVELOPMENT
SYN_003711,DEVELOPMENT
SYN_003712,DEVELOPMENT
SYN_003713,DEVELOPMENT
SYN_003714,HOLDOUT
SYN_003715,DEVELOPMENT
SYN_003716,DEVELOPMENT
SYN_003717,DEVELOPMENT
SYN_003718,DEVELOPMENT
SYN_003719,DEVELOPMENT
SYN_003720,DEVELOPMENT
SYN_003721,DEVELOPMENT
SYN_003722,DEVELOPMENT
SYN_003723,DEVELOPMENT
SYN_003724,DEVELOPMENT
SYN_003725,HOLDOUT
SYN_003726,HOLDOUT
SYN_003727,DEVELOPMENT
SYN_003728,HOLDOUT
SYN_003729,DEVELOPMENT
SYN_003730,DEVELOPMENT
SYN_003731,HOLDOUT
SYN_003732,DEVELOPMENT
SYN_003733,DEVELOPMENT
SYN_003734,DEVELOPMENT
SYN_003735,DEVELOPMENT
SYN_003736,DEVELOPMENT
SYN_003737,DEVELOPMENT
SYN_003738,DEVELOPMENT
SYN_003739,DEVELOPMENT
SYN_003740,DEVELOPMENT
SYN_003741,DEVELOPMENT
SYN_003742,DEVELOPMENT
SYN_003743,DEVELOPMENT
SYN_003744,DEVELOPMENT
SYN_003745,DEVELOPMENT
SYN_003746,DEVELOPMENT
SYN_003747,DEVELOPMENT
SYN_003748,DEVELOPMENT
SYN_003749,DEVELOPMENT
SYN_003750,HOLDOUT
SYN_003751,HOLDOUT
SYN_003752,HOLDOUT
SYN_003753,DEVELOPMENT
SYN_003754,DEVELOPMENT
SYN_003755,DEVELOPMENT
SYN_003756,HOLDOUT
SYN_003757,DEVELOPMENT
SYN_003758,HOLDOUT
SYN_003759,DEVELOPMENT
SYN_003760,DEVELOPMENT
SYN_003761,DEVELOPMENT
SYN_003762,DEVELOPMENT
SYN_003763,HOLDOUT
SYN_003764,DEVELOPMENT
SYN_003765,DEVELOPMENT
SYN_003766,DEVELOPMENT
SYN_003767,DEVELOPMENT
SYN_003768,DEVELOPMENT
SYN_003769,DEVELOPMENT
SYN_003770,DEVELOPMENT
SYN_003771,DEVELOPMENT
SYN_003772,DEVELOPMENT
SYN_003773,DEVELOPMENT
SYN_003774,DEVELOPMENT
SYN_003775,DEVELOPMENT
SYN_003776,HOLDOUT
SYN_003777,DEVELOPMENT
SYN_003778,DEVELOPMENT
SYN_003779,DEVELOPMENT
SYN_003780,HOLDOUT
SYN_003781,HOLDOUT
SYN_003782,DEVELOPMENT
SYN_003783,HOLDOUT
SYN_003784,DEVELOPMENT
SYN_003785,HOLDOUT
SYN_003786,HOLDOUT
SYN_003787,DEVELOPMENT
SYN_003788,HOLDOUT
SYN_003789,DEVELOPMENT
SYN_003790,DEVELOPMENT
SYN_003791,DEVELOPMENT
SYN_003792,DEVELOPMENT
SYN_003793,HOLDOUT
SYN_003794,DEVELOPMENT
SYN_003795,DEVELOPMENT
SYN_003796,DEVELOPMENT
SYN_003797,DEVELOPMENT
SYN_003798,HOLDOUT
SYN_003799,DEVELOPMENT
SYN_003800,HOLDOUT
SYN_003801,DEVELOPMENT
SYN_003802,DEVELOPMENT
SYN_003803,DEVELOPMENT
SYN_003804,DEVELOPMENT
SYN_003805,DEVELOPMENT
SYN_003806,DEVELOPMENT
SYN_003807,HOLDOUT
SYN_003808,HOLDOUT
SYN_003809,DEVELOPMENT
SYN_003810,DEVELOPMENT
SYN_003811,HOLDOUT
SYN_003812,DEVELOPMENT
SYN_003813,DEVELOPMENT
SYN_003814,DEVELOPMENT
SYN_003815,DEVELOPMENT
SYN_003816,DEVELOPMENT
SYN_003817,DEVELOPMENT
SYN_003818,DEVELOPMENT
SYN_003819,DEVELOPMENT
SYN_003820,HOLDOUT
SYN_003821,DEVELOPMENT
SYN_003822,DEVELOPMENT
SYN_003823,DEVELOPMENT
SYN_003824,DEVELOPMENT
SYN_003825,HOLDOUT
SYN_003826,DEVELOPMENT
SYN_003827,DEVELOPMENT
SYN_003828,DEVELOPMENT
SYN_003829,DEVELOPMENT
SYN_003830,DEVELOPMENT
SYN_003831,DEVELOPMENT
SYN_003832,DEVELOPMENT
SYN_003833,HOLDOUT
SYN_003834,DEVELOPMENT
SYN_003835,DEVELOPMENT
SYN_003836,DEVELOPMENT
SYN_003837,DEVELOPMENT
SYN_003838,DEVELOPMENT
SYN_003839,DEVELOPMENT
SYN_003840,DEVELOPMENT
SYN_003841,DEVELOPMENT
SYN_003842,DEVELOPMENT
SYN_003843,DEVELOPMENT
SYN_003844,DEVELOPMENT
SYN_003845,DEVELOPMENT
SYN_003846,DEVELOPMENT
SYN_003847,DEVELOPMENT
SYN_003848,DEVELOPMENT
SYN_003849,DEVELOPMENT
SYN_003850,DEVELOPMENT
SYN_003851,HOLDOUT
SYN_003852,DEVELOPMENT
SYN_003853,DEVELOPMENT
SYN_003854,HOLDOUT
SYN_003855,DEVELOPMENT
SYN_003856,DEVELOPMENT
SYN_003857,DEVELOPMENT
SYN_003858,HOLDOUT
SYN_003859,DEVELOPMENT
SYN_003860,DEVELOPMENT
SYN_003861,DEVELOPMENT
SYN_003862,DEVELOPMENT
SYN_003863,DEVELOPMENT
SYN_003864,DEVELOPMENT
SYN_003865,HOLDOUT
SYN_003866,DEVELOPMENT
SYN_003867,DEVELOPMENT
SYN_003868,DEVELOPMENT
SYN_003869,HOLDOUT
SYN_003870,DEVELOPMENT
SYN_003871,DEVELOPMENT
SYN_003872,DEVELOPMENT
SYN_003873,HOLDOUT
SYN_003874,HOLDOUT
SYN_003875,DEVELOPMENT
SYN_003876,DEVELOPMENT
SYN_003877,DEVELOPMENT
SYN_003878,DEVELOPMENT
SYN_003879,DEVELOPMENT
SYN_003880,DEVELOPMENT
SYN_003881,DEVELOPMENT
SYN_003882,DEVELOPMENT
SYN_003883,DEVELOPMENT
SYN_003884,DEVELOPMENT
SYN_003885,DEVELOPMENT
SYN_003886,DEVELOPMENT
SYN_003887,DEVELOPMENT
SYN_003888,DEVELOPMENT
SYN_003889,HOLDOUT
SYN_003890,DEVELOPMENT
SYN_003891,DEVELOPMENT
SYN_003892,DEVELOPMENT
SYN_003893,DEVELOPMENT
SYN_003894,HOLDOUT
SYN_003895,DEVELOPMENT
SYN_003896,DEVELOPMENT
SYN_003897,HOLDOUT
SYN_003898,DEVELOPMENT
SYN_003899,DEVELOPMENT
SYN_003900,DEVELOPMENT
SYN_003901,DEVELOPMENT
SYN_003902,DEVELOPMENT
SYN_003903,DEVELOPMENT
SYN_003904,DEVELOPMENT
SYN_003905,DEVELOPMENT
SYN_003906,DEVELOPMENT
SYN_003907,DEVELOPMENT
SYN_003908,DEVELOPMENT
SYN_003909,DEVELOPMENT
SYN_003910,DEVELOPMENT
SYN_003911,DEVELOPMENT
SYN_003912,DEVELOPMENT
SYN_003913,DEVELOPMENT
SYN_003914,DEVELOPMENT
SYN_003915,DEVELOPMENT
SYN_003916,HOLDOUT
SYN_003917,DEVELOPMENT
SYN_003918,DEVELOPMENT
SYN_003919,DEVELOPMENT
SYN_003920,DEVELOPMENT
SYN_003921,HOLDOUT
SYN_003922,DEVELOPMENT
SYN_003923,HOLDOUT
SYN_003924,DEVELOPMENT
SYN_003925,DEVELOPMENT
SYN_003926,HOLDOUT
SYN_003927,DEVELOPMENT
SYN_003928,DEVELOPMENT
SYN_003929,DEVELOPMENT
SYN_003930,DEVELOPMENT
SYN_003931,DEVELOPMENT
SYN_003932,DEVELOPMENT
SYN_003933,DEVELOPMENT
SYN_003934,DEVELOPMENT
SYN_003935,DEVELOPMENT
SYN_003936,HOLDOUT
SYN_003937,DEVELOPMENT
SYN_003938,DEVELOPMENT
SYN_003939,DEVELOPMENT
SYN_003940,DEVELOPMENT
SYN_003941,DEVELOPMENT
SYN_003942,DEVELOPMENT
SYN_003943,HOLDOUT
SYN_003944,DEVELOPMENT
SYN_003945,HOLDOUT
SYN_003946,DEVELOPMENT
SYN_003947,DEVELOPMENT
SYN_003948,HOLDOUT
SYN_003949,DEVELOPMENT
SYN_003950,HOLDOUT
SYN_003951,DEVELOPMENT
SYN_003952,DEVELOPMENT
SYN_003953,DEVELOPMENT
SYN_003954,DEVELOPMENT
SYN_003955,DEVELOPMENT
SYN_003956,DEVELOPMENT
SYN_003957,DEVELOPMENT
SYN_003958,DEVELOPMENT
SYN_003959,DEVELOPMENT
SYN_003960,DEVELOPMENT
SYN_003961,HOLDOUT
SYN_003962,DEVELOPMENT
SYN_003963,DEVELOPMENT
SYN_003964,DEVELOPMENT
SYN_003965,DEVELOPMENT
SYN_003966,DEVELOPMENT
SYN_003967,DEVELOPMENT
SYN_003968,DEVELOPMENT
SYN_003969,HOLDOUT
SYN_003970,DEVELOPMENT
SYN_003971,DEVELOPMENT
SYN_003972,HOLDOUT
SYN_003973,HOLDOUT
SYN_003974,DEVELOPMENT
SYN_003975,DEVELOPMENT
SYN_003976,DEVELOPMENT
SYN_003977,DEVELOPMENT
SYN_003978,DEVELOPMENT
SYN_003979,DEVELOPMENT
SYN_003980,DEVELOPMENT
SYN_003981,HOLDOUT
SYN_003982,HOLDOUT
SYN_003983,DEVELOPMENT
SYN_003984,DEVELOPMENT
SYN_003985,DEVELOPMENT
SYN_003986,HOLDOUT
SYN_003987,HOLDOUT
SYN_003988,DEVELOPMENT
SYN_003989,DEVELOPMENT
SYN_003990,DEVELOPMENT
SYN_003991,DEVELOPMENT
SYN_003992,DEVELOPMENT
SYN_003993,DEVELOPMENT
SYN_003994,HOLDOUT
SYN_003995,DEVELOPMENT
SYN_003996,DEVELOPMENT
SYN_003997,HOLDOUT
SYN_003998,DEVELOPMENT
SYN_003999,HOLDOUT
SYN_004000,DEVELOPMENT
SYN_004001,DEVELOPMENT
SYN_004002,DEVELOPMENT
SYN_004003,DEVELOPMENT
SYN_004004,DEVELOPMENT
SYN_004005,DEVELOPMENT
SYN_004006,DEVELOPMENT
SYN_004007,DEVELOPMENT
SYN_004008,DEVELOPMENT
SYN_004009,DEVELOPMENT
SYN_004010,DEVELOPMENT
SYN_004011,DEVELOPMENT
SYN_004012,DEVELOPMENT
SYN_004013,HOLDOUT
SYN_004014,DEVELOPMENT
SYN_004015,DEVELOPMENT
SYN_004016,DEVELOPMENT
SYN_004017,DEVELOPMENT
SYN_004018,HOLDOUT
SYN_004019,DEVELOPMENT
SYN_004020,DEVELOPMENT
SYN_004021,DEVELOPMENT
SYN_004022,HOLDOUT
SYN_004023,DEVELOPMENT
SYN_004024,DEVELOPMENT
SYN_004025,DEVELOPMENT
SYN_004026,DEVELOPMENT
SYN_004027,DEVELOPMENT
SYN_004028,DEVELOPMENT
SYN_004029,HOLDOUT
SYN_004030,DEVELOPMENT
SYN_004031,DEVELOPMENT
SYN_004032,DEVELOPMENT
SYN_004033,DEVELOPMENT
SYN_004034,DEVELOPMENT
SYN_004035,DEVELOPMENT
SYN_004036,DEVELOPMENT
SYN_004037,DEVELOPMENT
SYN_004038,DEVELOPMENT
SYN_004039,DEVELOPMENT
SYN_004040,DEVELOPMENT
SYN_004041,DEVELOPMENT
SYN_004042,HOLDOUT
SYN_004043,DEVELOPMENT
SYN_004044,DEVELOPMENT
SYN_004045,DEVELOPMENT
SYN_004046,DEVELOPMENT
SYN_004047,DEVELOPMENT
SYN_004048,DEVELOPMENT
SYN_004049,DEVELOPMENT
SYN_004050,DEVELOPMENT
SYN_004051,DEVELOPMENT
SYN_004052,HOLDOUT
SYN_004053,DEVELOPMENT
SYN_004054,DEVELOPMENT
SYN_004055,DEVELOPMENT
SYN_004056,DEVELOPMENT
SYN_004057,DEVELOPMENT
SYN_004058,DEVELOPMENT
SYN_004059,HOLDOUT
SYN_004060,HOLDOUT
SYN_004061,DEVELOPMENT
SYN_004062,DEVELOPMENT
SYN_004063,DEVELOPMENT
SYN_004064,DEVELOPMENT
SYN_004065,DEVELOPMENT
SYN_004066,DEVELOPMENT
SYN_004067,DEVELOPMENT
SYN_004068,DEVELOPMENT
SYN_004069,DEVELOPMENT
SYN_004070,DEVELOPMENT
SYN_004071,DEVELOPMENT
SYN_004072,DEVELOPMENT
SYN_004073,DEVELOPMENT
SYN_004074,DEVELOPMENT
SYN_004075,DEVELOPMENT
SYN_004076,DEVELOPMENT
SYN_004077,DEVELOPMENT
SYN_004078,HOLDOUT
SYN_004079,DEVELOPMENT
SYN_004080,DEVELOPMENT
SYN_004081,HOLDOUT
SYN_004082,HOLDOUT
SYN_004083,DEVELOPMENT
SYN_004084,DEVELOPMENT
SYN_004085,HOLDOUT
SYN_004086,DEVELOPMENT
SYN_004087,DEVELOPMENT
SYN_004088,DEVELOPMENT
SYN_004089,DEVELOPMENT
SYN_004090,DEVELOPMENT
SYN_004091,DEVELOPMENT
SYN_004092,HOLDOUT
SYN_004093,DEVELOPMENT
SYN_004094,DEVELOPMENT
SYN_004095,DEVELOPMENT
SYN_004096,DEVELOPMENT
SYN_004097,DEVELOPMENT
SYN_004098,DEVELOPMENT
SYN_004099,DEVELOPMENT
SYN_004100,HOLDOUT
SYN_004101,DEVELOPMENT
SYN_004102,DEVELOPMENT
SYN_004103,HOLDOUT
SYN_004104,DEVELOPMENT
SYN_004105,DEVELOPMENT
SYN_004106,DEVELOPMENT
SYN_004107,HOLDOUT
SYN_004108,HOLDOUT
SYN_004109,HOLDOUT
SYN_004110,DEVELOPMENT
SYN_004111,DEVELOPMENT
SYN_004112,DEVELOPMENT
SYN_004113,DEVELOPMENT
SYN_004114,DEVELOPMENT
SYN_004115,HOLDOUT
SYN_004116,DEVELOPMENT
SYN_004117,DEVELOPMENT
SYN_004118,DEVELOPMENT
SYN_004119,DEVELOPMENT
SYN_004120,DEVELOPMENT
SYN_004121,DEVELOPMENT
SYN_004122,DEVELOPMENT
SYN_004123,DEVELOPMENT
SYN_004124,HOLDOUT
SYN_004125,DEVELOPMENT
SYN_004126,DEVELOPMENT
SYN_004127,DEVELOPMENT
SYN_004128,HOLDOUT
SYN_004129,DEVELOPMENT
SYN_004130,DEVELOPMENT
SYN_004131,DEVELOPMENT
SYN_004132,DEVELOPMENT
SYN_004133,DEVELOPMENT
SYN_004134,DEVELOPMENT
SYN_004135,DEVELOPMENT
SYN_004136,HOLDOUT
SYN_004137,DEVELOPMENT
SYN_004138,DEVELOPMENT
SYN_004139,DEVELOPMENT
SYN_004140,DEVELOPMENT
SYN_004141,DEVELOPMENT
SYN_004142,DEVELOPMENT
SYN_004143,DEVELOPMENT
SYN_004144,DEVELOPMENT
SYN_004145,DEVELOPMENT
SYN_004146,DEVELOPMENT
SYN_004147,DEVELOPMENT
SYN_004148,DEVELOPMENT
SYN_004149,DEVELOPMENT
SYN_004150,DEVELOPMENT
SYN_004151,HOLDOUT
SYN_004152,DEVELOPMENT
SYN_004153,HOLDOUT
SYN_004154,DEVELOPMENT
SYN_004155,DEVELOPMENT
SYN_004156,DEVELOPMENT
SYN_004157,DEVELOPMENT
SYN_004158,DEVELOPMENT
SYN_004159,HOLDOUT
SYN_004160,HOLDOUT
SYN_004161,HOLDOUT
SYN_004162,DEVELOPMENT
SYN_004163,DEVELOPMENT
SYN_004164,HOLDOUT
SYN_004165,DEVELOPMENT
SYN_004166,DEVELOPMENT
SYN_004167,DEVELOPMENT
SYN_004168,HOLDOUT
SYN_004169,DEVELOPMENT
SYN_004170,DEVELOPMENT
SYN_004171,HOLDOUT
SYN_004172,HOLDOUT
SYN_004173,DEVELOPMENT
SYN_004174,DEVELOPMENT
SYN_004175,DEVELOPMENT
SYN_004176,HOLDOUT
SYN_004177,DEVELOPMENT
SYN_004178,DEVELOPMENT
SYN_004179,DEVELOPMENT
SYN_004180,HOLDOUT
SYN_004181,DEVELOPMENT
SYN_004182,DEVELOPMENT
SYN_004183,DEVELOPMENT
SYN_004184,DEVELOPMENT
SYN_004185,DEVELOPMENT
SYN_004186,DEVELOPMENT
SYN_004187,DEVELOPMENT
SYN_004188,HOLDOUT
SYN_004189,DEVELOPMENT
SYN_004190,DEVELOPMENT
SYN_004191,DEVELOPMENT
SYN_004192,DEVELOPMENT
SYN_004193,DEVELOPMENT
SYN_004194,HOLDOUT
SYN_004195,DEVELOPMENT
SYN_004196,DEVELOPMENT
SYN_004197,DEVELOPMENT
SYN_004198,HOLDOUT
SYN_004199,HOLDOUT
SYN_004200,DEVELOPMENT
SYN_004201,DEVELOPMENT
SYN_004202,DEVELOPMENT
SYN_004203,DEVELOPMENT
SYN_004204,DEVELOPMENT
SYN_004205,HOLDOUT
SYN_004206,DEVELOPMENT
SYN_004207,HOLDOUT
SYN_004208,DEVELOPMENT
SYN_004209,HOLDOUT
SYN_004210,HOLDOUT
SYN_004211,DEVELOPMENT
SYN_004212,HOLDOUT
SYN_004213,DEVELOPMENT
SYN_004214,DEVELOPMENT
SYN_004215,HOLDOUT
SYN_004216,DEVELOPMENT
SYN_004217,DEVELOPMENT
SYN_004218,DEVELOPMENT
SYN_004219,DEVELOPMENT
SYN_004220,HOLDOUT
SYN_004221,DEVELOPMENT
SYN_004222,DEVELOPMENT
SYN_004223,DEVELOPMENT
SYN_004224,DEVELOPMENT
SYN_004225,DEVELOPMENT
SYN_004226,DEVELOPMENT
SYN_004227,HOLDOUT
SYN_004228,DEVELOPMENT
SYN_004229,DEVELOPMENT
SYN_004230,DEVELOPMENT
SYN_004231,DEVELOPMENT
SYN_004232,DEVELOPMENT
SYN_004233,DEVELOPMENT
SYN_004234,DEVELOPMENT
SYN_004235,DEVELOPMENT
SYN_004236,DEVELOPMENT
SYN_004237,DEVELOPMENT
SYN_004238,DEVELOPMENT
SYN_004239,DEVELOPMENT
SYN_004240,DEVELOPMENT
SYN_004241,DEVELOPMENT
SYN_004242,DEVELOPMENT
SYN_004243,DEVELOPMENT
SYN_004244,DEVELOPMENT
SYN_004245,DEVELOPMENT
SYN_004246,HOLDOUT
SYN_004247,DEVELOPMENT
SYN_004248,DEVELOPMENT
SYN_004249,DEVELOPMENT
SYN_004250,DEVELOPMENT
SYN_004251,DEVELOPMENT
SYN_004252,DEVELOPMENT
SYN_004253,DEVELOPMENT
SYN_004254,DEVELOPMENT
SYN_004255,DEVELOPMENT
SYN_004256,HOLDOUT
SYN_004257,DEVELOPMENT
SYN_004258,DEVELOPMENT
SYN_004259,DEVELOPMENT
SYN_004260,HOLDOUT
SYN_004261,DEVELOPMENT
SYN_004262,DEVELOPMENT
SYN_004263,DEVELOPMENT
SYN_004264,DEVELOPMENT
SYN_004265,DEVELOPMENT
SYN_004266,DEVELOPMENT
SYN_004267,DEVELOPMENT
SYN_004268,DEVELOPMENT
SYN_004269,DEVELOPMENT
SYN_004270,DEVELOPMENT
SYN_004271,DEVELOPMENT
SYN_004272,HOLDOUT
SYN_004273,DEVELOPMENT
SYN_004274,DEVELOPMENT
SYN_004275,HOLDOUT
SYN_004276,DEVELOPMENT
SYN_004277,DEVELOPMENT
SYN_004278,DEVELOPMENT
SYN_004279,DEVELOPMENT
SYN_004280,DEVELOPMENT
SYN_004281,DEVELOPMENT
SYN_004282,HOLDOUT
SYN_004283,HOLDOUT
SYN_004284,DEVELOPMENT
SYN_004285,DEVELOPMENT
SYN_004286,DEVELOPMENT
SYN_004287,HOLDOUT
SYN_004288,DEVELOPMENT
SYN_004289,DEVELOPMENT
SYN_004290,DEVELOPMENT
SYN_004291,HOLDOUT
SYN_004292,DEVELOPMENT
SYN_004293,DEVELOPMENT
SYN_004294,HOLDOUT
SYN_004295,DEVELOPMENT
SYN_004296,DEVELOPMENT
SYN_004297,DEVELOPMENT
SYN_004298,DEVELOPMENT
SYN_004299,HOLDOUT
SYN_004300,HOLDOUT
SYN_004301,DEVELOPMENT
SYN_004302,HOLDOUT
SYN_004303,HOLDOUT
SYN_004304,DEVELOPMENT
SYN_004305,HOLDOUT
SYN_004306,DEVELOPMENT
SYN_004307,DEVELOPMENT
SYN_004308,DEVELOPMENT
SYN_004309,DEVELOPMENT
SYN_004310,DEVELOPMENT
SYN_004311,DEVELOPMENT
SYN_004312,DEVELOPMENT
SYN_004313,DEVELOPMENT
SYN_004314,DEVELOPMENT
SYN_004315,DEVELOPMENT
SYN_004316,DEVELOPMENT
SYN_004317,DEVELOPMENT
SYN_004318,DEVELOPMENT
SYN_004319,DEVELOPMENT
SYN_004320,DEVELOPMENT
SYN_004321,HOLDOUT
SYN_004322,DEVELOPMENT
SYN_004323,HOLDOUT
SYN_004324,HOLDOUT
SYN_004325,DEVELOPMENT
SYN_004326,DEVELOPMENT
SYN_004327,DEVELOPMENT
SYN_004328,DEVELOPMENT
SYN_004329,DEVELOPMENT
SYN_004330,DEVELOPMENT
SYN_004331,DEVELOPMENT
SYN_004332,HOLDOUT
SYN_004333,HOLDOUT
SYN_004334,DEVELOPMENT
SYN_004335,DEVELOPMENT
SYN_004336,DEVELOPMENT
SYN_004337,DEVELOPMENT
SYN_004338,HOLDOUT
SYN_004339,DEVELOPMENT
SYN_004340,DEVELOPMENT
SYN_004341,DEVELOPMENT
SYN_004342,DEVELOPMENT
SYN_004343,DEVELOPMENT
SYN_004344,DEVELOPMENT
SYN_004345,DEVELOPMENT
SYN_004346,DEVELOPMENT
SYN_004347,DEVELOPMENT
SYN_004348,DEVELOPMENT
SYN_004349,DEVELOPMENT
SYN_004350,DEVELOPMENT
SYN_004351,DEVELOPMENT
SYN_004352,HOLDOUT
SYN_004353,DEVELOPMENT
SYN_004354,DEVELOPMENT
SYN_004355,DEVELOPMENT
SYN_004356,DEVELOPMENT
SYN_004357,DEVELOPMENT
SYN_004358,DEVELOPMENT
SYN_004359,DEVELOPMENT
SYN_004360,DEVELOPMENT
SYN_004361,DEVELOPMENT
SYN_004362,DEVELOPMENT
SYN_004363,DEVELOPMENT
SYN_004364,DEVELOPMENT
SYN_004365,DEVELOPMENT
SYN_004366,DEVELOPMENT
SYN_004367,DEVELOPMENT
SYN_004368,DEVELOPMENT
SYN_004369,DEVELOPMENT
SYN_004370,DEVELOPMENT
SYN_004371,HOLDOUT
SYN_004372,DEVELOPMENT
SYN_004373,HOLDOUT
SYN_004374,DEVELOPMENT
SYN_004375,DEVELOPMENT
SYN_004376,DEVELOPMENT
SYN_004377,DEVELOPMENT
SYN_004378,HOLDOUT
SYN_004379,DEVELOPMENT
SYN_004380,DEVELOPMENT
SYN_004381,DEVELOPMENT
SYN_004382,DEVELOPMENT
SYN_004383,DEVELOPMENT
SYN_004384,DEVELOPMENT
SYN_004385,DEVELOPMENT
SYN_004386,DEVELOPMENT
SYN_004387,DEVELOPMENT
SYN_004388,DEVELOPMENT
SYN_004389,DEVELOPMENT
SYN_004390,DEVELOPMENT
SYN_004391,HOLDOUT
SYN_004392,DEVELOPMENT
SYN_004393,DEVELOPMENT
SYN_004394,DEVELOPMENT
SYN_004395,DEVELOPMENT
SYN_004396,DEVELOPMENT
SYN_004397,DEVELOPMENT
SYN_004398,DEVELOPMENT
SYN_004399,DEVELOPMENT
SYN_004400,DEVELOPMENT
SYN_004401,DEVELOPMENT
SYN_004402,DEVELOPMENT
SYN_004403,DEVELOPMENT
SYN_004404,DEVELOPMENT
SYN_004405,DEVELOPMENT
SYN_004406,DEVELOPMENT
SYN_004407,DEVELOPMENT
SYN_004408,HOLDOUT
SYN_004409,DEVELOPMENT
SYN_004410,DEVELOPMENT
SYN_004411,DEVELOPMENT
SYN_004412,DEVELOPMENT
SYN_004413,DEVELOPMENT
SYN_004414,HOLDOUT
SYN_004415,HOLDOUT
SYN_004416,DEVELOPMENT
SYN_004417,DEVELOPMENT
SYN_004418,DEVELOPMENT
SYN_004419,DEVELOPMENT
SYN_004420,DEVELOPMENT
SYN_004421,DEVELOPMENT
SYN_004422,DEVELOPMENT
SYN_004423,DEVELOPMENT
SYN_004424,HOLDOUT
SYN_004425,DEVELOPMENT
SYN_004426,DEVELOPMENT
SYN_004427,DEVELOPMENT
SYN_004428,DEVELOPMENT
SYN_004429,HOLDOUT
SYN_004430,DEVELOPMENT
SYN_004431,DEVELOPMENT
SYN_004432,HOLDOUT
SYN_004433,DEVELOPMENT
SYN_004434,DEVELOPMENT
SYN_004435,DEVELOPMENT
SYN_004436,DEVELOPMENT
SYN_004437,DEVELOPMENT
SYN_004438,DEVELOPMENT
SYN_004439,HOLDOUT
SYN_004440,DEVELOPMENT
SYN_004441,HOLDOUT
SYN_004442,DEVELOPMENT
SYN_004443,DEVELOPMENT
SYN_004444,DEVELOPMENT
SYN_004445,DEVELOPMENT
SYN_004446,DEVELOPMENT
SYN_004447,DEVELOPMENT
SYN_004448,HOLDOUT
SYN_004449,DEVELOPMENT
SYN_004450,DEVELOPMENT
SYN_004451,DEVELOPMENT
SYN_004452,DEVELOPMENT
SYN_004453,HOLDOUT
SYN_004454,DEVELOPMENT
SYN_004455,HOLDOUT
SYN_004456,DEVELOPMENT
SYN_004457,HOLDOUT
SYN_004458,HOLDOUT
SYN_004459,DEVELOPMENT
SYN_004460,DEVELOPMENT
SYN_004461,DEVELOPMENT
SYN_004462,DEVELOPMENT
SYN_004463,DEVELOPMENT
SYN_004464,DEVELOPMENT
SYN_004465,DEVELOPMENT
SYN_004466,DEVELOPMENT
SYN_004467,HOLDOUT
SYN_004468,DEVELOPMENT
SYN_004469,DEVELOPMENT
SYN_004470,DEVELOPMENT
SYN_004471,DEVELOPMENT
SYN_004472,DEVELOPMENT
SYN_004473,HOLDOUT
SYN_004474,HOLDOUT
SYN_004475,DEVELOPMENT
SYN_004476,DEVELOPMENT
SYN_004477,DEVELOPMENT
SYN_004478,DEVELOPMENT
SYN_004479,DEVELOPMENT
SYN_004480,DEVELOPMENT
SYN_004481,HOLDOUT
SYN_004482,HOLDOUT
SYN_004483,HOLDOUT
SYN_004484,DEVELOPMENT
SYN_004485,DEVELOPMENT
SYN_004486,HOLDOUT
SYN_004487,DEVELOPMENT
SYN_004488,DEVELOPMENT
SYN_004489,DEVELOPMENT
SYN_004490,DEVELOPMENT
SYN_004491,DEVELOPMENT
SYN_004492,DEVELOPMENT
SYN_004493,HOLDOUT
SYN_004494,DEVELOPMENT
SYN_004495,DEVELOPMENT
SYN_004496,DEVELOPMENT
SYN_004497,DEVELOPMENT
SYN_004498,DEVELOPMENT
SYN_004499,DEVELOPMENT
SYN_004500,HOLDOUT
SYN_004501,DEVELOPMENT
SYN_004502,HOLDOUT
SYN_004503,DEVELOPMENT
SYN_004504,DEVELOPMENT
SYN_004505,HOLDOUT
SYN_004506,DEVELOPMENT
SYN_004507,HOLDOUT
SYN_004508,DEVELOPMENT
SYN_004509,DEVELOPMENT
SYN_004510,DEVELOPMENT
SYN_004511,HOLDOUT
SYN_004512,DEVELOPMENT
SYN_004513,DEVELOPMENT
SYN_004514,DEVELOPMENT
SYN_004515,DEVELOPMENT
SYN_004516,DEVELOPMENT
SYN_004517,HOLDOUT
SYN_004518,DEVELOPMENT
SYN_004519,DEVELOPMENT
SYN_004520,DEVELOPMENT
SYN_004521,DEVELOPMENT
SYN_004522,DEVELOPMENT
SYN_004523,DEVELOPMENT
SYN_004524,DEVELOPMENT
SYN_004525,DEVELOPMENT
SYN_004526,HOLDOUT
SYN_004527,DEVELOPMENT
SYN_004528,DEVELOPMENT
SYN_004529,DEVELOPMENT
SYN_004530,DEVELOPMENT
SYN_004531,DEVELOPMENT
SYN_004532,DEVELOPMENT
SYN_004533,DEVELOPMENT
SYN_004534,DEVELOPMENT
SYN_004535,DEVELOPMENT
SYN_004536,HOLDOUT
SYN_004537,DEVELOPMENT
SYN_004538,DEVELOPMENT
SYN_004539,HOLDOUT
SYN_004540,DEVELOPMENT
SYN_004541,DEVELOPMENT
SYN_004542,DEVELOPMENT
SYN_004543,HOLDOUT
SYN_004544,DEVELOPMENT
SYN_004545,DEVELOPMENT
SYN_004546,DEVELOPMENT
SYN_004547,HOLDOUT
SYN_004548,DEVELOPMENT
SYN_004549,DEVELOPMENT
SYN_004550,DEVELOPMENT
SYN_004551,HOLDOUT
SYN_004552,DEVELOPMENT
SYN_004553,DEVELOPMENT
SYN_004554,HOLDOUT
SYN_004555,DEVELOPMENT
SYN_004556,DEVELOPMENT
SYN_004557,DEVELOPMENT
SYN_004558,DEVELOPMENT
SYN_004559,DEVELOPMENT
SYN_004560,HOLDOUT
SYN_004561,DEVELOPMENT
SYN_004562,DEVELOPMENT
SYN_004563,DEVELOPMENT
SYN_004564,DEVELOPMENT
SYN_004565,HOLDOUT
SYN_004566,HOLDOUT
SYN_004567,DEVELOPMENT
SYN_004568,DEVELOPMENT
SYN_004569,DEVELOPMENT
SYN_004570,DEVELOPMENT
SYN_004571,HOLDOUT
SYN_004572,HOLDOUT
SYN_004573,HOLDOUT
SYN_004574,HOLDOUT
SYN_004575,DEVELOPMENT
SYN_004576,HOLDOUT
SYN_004577,HOLDOUT
SYN_004578,DEVELOPMENT
SYN_004579,DEVELOPMENT
SYN_004580,HOLDOUT
SYN_004581,HOLDOUT
SYN_004582,DEVELOPMENT
SYN_004583,DEVELOPMENT
SYN_004584,DEVELOPMENT
SYN_004585,DEVELOPMENT
SYN_004586,DEVELOPMENT
SYN_004587,DEVELOPMENT
SYN_004588,DEVELOPMENT
SYN_004589,HOLDOUT
SYN_004590,DEVELOPMENT
SYN_004591,DEVELOPMENT
SYN_004592,DEVELOPMENT
SYN_004593,HOLDOUT
SYN_004594,DEVELOPMENT
SYN_004595,DEVELOPMENT
SYN_004596,DEVELOPMENT
SYN_004597,HOLDOUT
SYN_004598,DEVELOPMENT
SYN_004599,DEVELOPMENT
SYN_004600,HOLDOUT
SYN_004601,DEVELOPMENT
SYN_004602,DEVELOPMENT
SYN_004603,DEVELOPMENT
SYN_004604,DEVELOPMENT
SYN_004605,DEVELOPMENT
SYN_004606,DEVELOPMENT
SYN_004607,DEVELOPMENT
SYN_004608,DEVELOPMENT
SYN_004609,DEVELOPMENT
SYN_004610,DEVELOPMENT
SYN_004611,DEVELOPMENT
SYN_004612,DEVELOPMENT
SYN_004613,DEVELOPMENT
SYN_004614,DEVELOPMENT
SYN_004615,HOLDOUT
SYN_004616,HOLDOUT
SYN_004617,DEVELOPMENT
SYN_004618,HOLDOUT
SYN_004619,DEVELOPMENT
SYN_004620,DEVELOPMENT
SYN_004621,DEVELOPMENT
SYN_004622,HOLDOUT
SYN_004623,DEVELOPMENT
SYN_004624,DEVELOPMENT
SYN_004625,HOLDOUT
SYN_004626,DEVELOPMENT
SYN_004627,DEVELOPMENT
SYN_004628,HOLDOUT
SYN_004629,DEVELOPMENT
SYN_004630,DEVELOPMENT
SYN_004631,DEVELOPMENT
SYN_004632,DEVELOPMENT
SYN_004633,HOLDOUT
SYN_004634,HOLDOUT
SYN_004635,DEVELOPMENT
SYN_004636,DEVELOPMENT
SYN_004637,DEVELOPMENT
SYN_004638,DEVELOPMENT
SYN_004639,DEVELOPMENT
SYN_004640,HOLDOUT
SYN_004641,DEVELOPMENT
SYN_004642,DEVELOPMENT
SYN_004643,HOLDOUT
SYN_004644,DEVELOPMENT
SYN_004645,DEVELOPMENT
SYN_004646,DEVELOPMENT
SYN_004647,DEVELOPMENT
SYN_004648,DEVELOPMENT
SYN_004649,DEVELOPMENT
SYN_004650,DEVELOPMENT
SYN_004651,DEVELOPMENT
SYN_004652,DEVELOPMENT
SYN_004653,DEVELOPMENT
SYN_004654,HOLDOUT
SYN_004655,HOLDOUT
SYN_004656,DEVELOPMENT
SYN_004657,DEVELOPMENT
SYN_004658,DEVELOPMENT
SYN_004659,DEVELOPMENT
SYN_004660,DEVELOPMENT
SYN_004661,DEVELOPMENT
SYN_004662,DEVELOPMENT
SYN_004663,HOLDOUT
SYN_004664,DEVELOPMENT
SYN_004665,DEVELOPMENT
SYN_004666,DEVELOPMENT
SYN_004667,DEVELOPMENT
SYN_004668,DEVELOPMENT
SYN_004669,HOLDOUT
SYN_004670,DEVELOPMENT
SYN_004671,DEVELOPMENT
SYN_004672,DEVELOPMENT
SYN_004673,DEVELOPMENT
SYN_004674,DEVELOPMENT
SYN_004675,DEVELOPMENT
SYN_004676,HOLDOUT
SYN_004677,DEVELOPMENT
SYN_004678,DEVELOPMENT
SYN_004679,DEVELOPMENT
SYN_004680,DEVELOPMENT
SYN_004681,HOLDOUT
SYN_004682,DEVELOPMENT
SYN_004683,DEVELOPMENT
SYN_004684,DEVELOPMENT
SYN_004685,DEVELOPMENT
SYN_004686,DEVELOPMENT
SYN_004687,DEVELOPMENT
SYN_004688,DEVELOPMENT
SYN_004689,DEVELOPMENT
SYN_004690,DEVELOPMENT
SYN_004691,DEVELOPMENT
SYN_004692,DEVELOPMENT
SYN_004693,DEVELOPMENT
SYN_004694,DEVELOPMENT
SYN_004695,HOLDOUT
SYN_004696,DEVELOPMENT
SYN_004697,DEVELOPMENT
SYN_004698,DEVELOPMENT
SYN_004699,HOLDOUT
SYN_004700,DEVELOPMENT
SYN_004701,DEVELOPMENT
SYN_004702,DEVELOPMENT
SYN_004703,DEVELOPMENT
SYN_004704,DEVELOPMENT
SYN_004705,DEVELOPMENT
SYN_004706,DEVELOPMENT
SYN_004707,DEVELOPMENT
SYN_004708,HOLDOUT
SYN_004709,DEVELOPMENT
SYN_004710,DEVELOPMENT
SYN_004711,DEVELOPMENT
SYN_004712,DEVELOPMENT
SYN_004713,DEVELOPMENT
SYN_004714,DEVELOPMENT
SYN_004715,DEVELOPMENT
SYN_004716,HOLDOUT
SYN_004717,DEVELOPMENT
SYN_004718,DEVELOPMENT
SYN_004719,HOLDOUT
SYN_004720,DEVELOPMENT
SYN_004721,DEVELOPMENT
SYN_004722,DEVELOPMENT
SYN_004723,DEVELOPMENT
SYN_004724,DEVELOPMENT
SYN_004725,DEVELOPMENT
SYN_004726,DEVELOPMENT
SYN_004727,DEVELOPMENT
SYN_004728,DEVELOPMENT
SYN_004729,HOLDOUT
SYN_004730,DEVELOPMENT
SYN_004731,DEVELOPMENT
SYN_004732,DEVELOPMENT
SYN_004733,DEVELOPMENT
SYN_004734,HOLDOUT
SYN_004735,DEVELOPMENT
SYN_004736,DEVELOPMENT
SYN_004737,DEVELOPMENT
SYN_004738,DEVELOPMENT
SYN_004739,DEVELOPMENT
SYN_004740,DEVELOPMENT
SYN_004741,DEVELOPMENT
SYN_004742,DEVELOPMENT
SYN_004743,DEVELOPMENT
SYN_004744,DEVELOPMENT
SYN_004745,DEVELOPMENT
SYN_004746,HOLDOUT
SYN_004747,DEVELOPMENT
SYN_004748,DEVELOPMENT
SYN_004749,HOLDOUT
SYN_004750,HOLDOUT
SYN_004751,DEVELOPMENT
SYN_004752,DEVELOPMENT
SYN_004753,HOLDOUT
SYN_004754,DEVELOPMENT
SYN_004755,DEVELOPMENT
SYN_004756,DEVELOPMENT
SYN_004757,HOLDOUT
SYN_004758,HOLDOUT
SYN_004759,DEVELOPMENT
SYN_004760,DEVELOPMENT
SYN_004761,DEVELOPMENT
SYN_004762,DEVELOPMENT
SYN_004763,DEVELOPMENT
SYN_004764,DEVELOPMENT
SYN_004765,DEVELOPMENT
SYN_004766,DEVELOPMENT
SYN_004767,DEVELOPMENT
SYN_004768,DEVELOPMENT
SYN_004769,DEVELOPMENT
SYN_004770,DEVELOPMENT
SYN_004771,DEVELOPMENT
SYN_004772,DEVELOPMENT
SYN_004773,DEVELOPMENT
SYN_004774,HOLDOUT
SYN_004775,HOLDOUT
SYN_004776,DEVELOPMENT
SYN_004777,DEVELOPMENT
SYN_004778,DEVELOPMENT
SYN_004779,DEVELOPMENT
SYN_004780,DEVELOPMENT
SYN_004781,DEVELOPMENT
SYN_004782,DEVELOPMENT
SYN_004783,DEVELOPMENT
SYN_004784,DEVELOPMENT
SYN_004785,DEVELOPMENT
SYN_004786,DEVELOPMENT
SYN_004787,DEVELOPMENT
SYN_004788,DEVELOPMENT
SYN_004789,DEVELOPMENT
SYN_004790,DEVELOPMENT
SYN_004791,DEVELOPMENT
SYN_004792,DEVELOPMENT
SYN_004793,HOLDOUT
SYN_004794,DEVELOPMENT
SYN_004795,DEVELOPMENT
SYN_004796,DEVELOPMENT
SYN_004797,HOLDOUT
SYN_004798,DEVELOPMENT
SYN_004799,DEVELOPMENT
SYN_004800,DEVELOPMENT
SYN_004801,DEVELOPMENT
SYN_004802,DEVELOPMENT
SYN_004803,DEVELOPMENT
SYN_004804,HOLDOUT
SYN_004805,DEVELOPMENT
SYN_004806,DEVELOPMENT
SYN_004807,DEVELOPMENT
SYN_004808,DEVELOPMENT
SYN_004809,DEVELOPMENT
SYN_004810,DEVELOPMENT
SYN_004811,DEVELOPMENT
SYN_004812,DEVELOPMENT
SYN_004813,DEVELOPMENT
SYN_004814,DEVELOPMENT
SYN_004815,DEVELOPMENT
SYN_004816,DEVELOPMENT
SYN_004817,DEVELOPMENT
SYN_004818,DEVELOPMENT
SYN_004819,DEVELOPMENT
SYN_004820,DEVELOPMENT
SYN_004821,DEVELOPMENT
SYN_004822,DEVELOPMENT
SYN_004823,HOLDOUT
SYN_004824,DEVELOPMENT
SYN_004825,DEVELOPMENT
SYN_004826,DEVELOPMENT
SYN_004827,DEVELOPMENT
SYN_004828,HOLDOUT
SYN_004829,DEVELOPMENT
SYN_004830,DEVELOPMENT
SYN_004831,DEVELOPMENT
SYN_004832,HOLDOUT
SYN_004833,DEVELOPMENT
SYN_004834,DEVELOPMENT
SYN_004835,HOLDOUT
SYN_004836,DEVELOPMENT
SYN_004837,HOLDOUT
SYN_004838,DEVELOPMENT
SYN_004839,DEVELOPMENT
SYN_004840,DEVELOPMENT
SYN_004841,HOLDOUT
SYN_004842,DEVELOPMENT
SYN_004843,DEVELOPMENT
SYN_004844,DEVELOPMENT
SYN_004845,DEVELOPMENT
SYN_004846,DEVELOPMENT
SYN_004847,DEVELOPMENT
SYN_004848,DEVELOPMENT
SYN_004849,DEVELOPMENT
SYN_004850,HOLDOUT
SYN_004851,DEVELOPMENT
SYN_004852,DEVELOPMENT
SYN_004853,DEVELOPMENT
SYN_004854,HOLDOUT
SYN_004855,DEVELOPMENT
SYN_004856,DEVELOPMENT
SYN_004857,DEVELOPMENT
SYN_004858,DEVELOPMENT
SYN_004859,DEVELOPMENT
SYN_004860,HOLDOUT
SYN_004861,HOLDOUT
SYN_004862,DEVELOPMENT
SYN_004863,DEVELOPMENT
SYN_004864,DEVELOPMENT
SYN_004865,DEVELOPMENT
SYN_004866,DEVELOPMENT
SYN_004867,HOLDOUT
SYN_004868,DEVELOPMENT
SYN_004869,DEVELOPMENT
SYN_004870,DEVELOPMENT
SYN_004871,DEVELOPMENT
SYN_004872,DEVELOPMENT
SYN_004873,HOLDOUT
SYN_004874,DEVELOPMENT
SYN_004875,DEVELOPMENT
SYN_004876,HOLDOUT
SYN_004877,DEVELOPMENT
SYN_004878,DEVELOPMENT
SYN_004879,HOLDOUT
SYN_004880,DEVELOPMENT
SYN_004881,HOLDOUT
SYN_004882,DEVELOPMENT
SYN_004883,DEVELOPMENT
SYN_004884,DEVELOPMENT
SYN_004885,HOLDOUT
SYN_004886,HOLDOUT
SYN_004887,DEVELOPMENT
SYN_004888,DEVELOPMENT
SYN_004889,DEVELOPMENT
SYN_004890,DEVELOPMENT
SYN_004891,HOLDOUT
SYN_004892,DEVELOPMENT
SYN_004893,DEVELOPMENT
SYN_004894,DEVELOPMENT
SYN_004895,DEVELOPMENT
SYN_004896,DEVELOPMENT
SYN_004897,DEVELOPMENT
SYN_004898,DEVELOPMENT
SYN_004899,DEVELOPMENT
SYN_004900,DEVELOPMENT
SYN_004901,HOLDOUT
SYN_004902,DEVELOPMENT
SYN_004903,DEVELOPMENT
SYN_004904,HOLDOUT
SYN_004905,DEVELOPMENT
SYN_004906,DEVELOPMENT
SYN_004907,DEVELOPMENT
SYN_004908,DEVELOPMENT
SYN_004909,DEVELOPMENT
SYN_004910,DEVELOPMENT
SYN_004911,DEVELOPMENT
SYN_004912,DEVELOPMENT
SYN_004913,DEVELOPMENT
SYN_004914,DEVELOPMENT
SYN_004915,DEVELOPMENT
SYN_004916,HOLDOUT
SYN_004917,DEVELOPMENT
SYN_004918,DEVELOPMENT
SYN_004919,DEVELOPMENT
SYN_004920,DEVELOPMENT
SYN_004921,DEVELOPMENT
SYN_004922,DEVELOPMENT
SYN_004923,DEVELOPMENT
SYN_004924,DEVELOPMENT
SYN_004925,DEVELOPMENT
SYN_004926,DEVELOPMENT
SYN_004927,HOLDOUT
SYN_004928,DEVELOPMENT
SYN_004929,DEVELOPMENT
SYN_004930,DEVELOPMENT
SYN_004931,HOLDOUT
SYN_004932,DEVELOPMENT
SYN_004933,DEVELOPMENT
SYN_004934,HOLDOUT
SYN_004935,DEVELOPMENT
SYN_004936,DEVELOPMENT
SYN_004937,DEVELOPMENT
SYN_004938,DEVELOPMENT
SYN_004939,DEVELOPMENT
SYN_004940,DEVELOPMENT
SYN_004941,DEVELOPMENT
SYN_004942,DEVELOPMENT
SYN_004943,DEVELOPMENT
SYN_004944,HOLDOUT
SYN_004945,DEVELOPMENT
SYN_004946,DEVELOPMENT
SYN_004947,DEVELOPMENT
SYN_004948,DEVELOPMENT
SYN_004949,DEVELOPMENT
SYN_004950,DEVELOPMENT
SYN_004951,DEVELOPMENT
SYN_004952,DEVELOPMENT
SYN_004953,DEVELOPMENT
SYN_004954,DEVELOPMENT
SYN_004955,DEVELOPMENT
SYN_004956,HOLDOUT
SYN_004957,DEVELOPMENT
SYN_004958,DEVELOPMENT
SYN_004959,DEVELOPMENT
SYN_004960,DEVELOPMENT
SYN_004961,DEVELOPMENT
SYN_004962,HOLDOUT
SYN_004963,HOLDOUT
SYN_004964,DEVELOPMENT
SYN_004965,HOLDOUT
SYN_004966,DEVELOPMENT
SYN_004967,HOLDOUT
SYN_004968,DEVELOPMENT
SYN_004969,DEVELOPMENT
SYN_004970,DEVELOPMENT
SYN_004971,DEVELOPMENT
SYN_004972,DEVELOPMENT
SYN_004973,DEVELOPMENT
SYN_004974,DEVELOPMENT
SYN_004975,DEVELOPMENT
SYN_004976,DEVELOPMENT
SYN_004977,DEVELOPMENT
SYN_004978,DEVELOPMENT
SYN_004979,DEVELOPMENT
SYN_004980,DEVELOPMENT
SYN_004981,HOLDOUT
SYN_004982,DEVELOPMENT
SYN_004983,DEVELOPMENT
SYN_004984,DEVELOPMENT
SYN_004985,DEVELOPMENT
SYN_004986,HOLDOUT
SYN_004987,HOLDOUT
SYN_004988,DEVELOPMENT
SYN_004989,HOLDOUT
SYN_004990,DEVELOPMENT
SYN_004991,DEVELOPMENT
SYN_004992,HOLDOUT
SYN_004993,HOLDOUT
SYN_004994,HOLDOUT
SYN_004995,DEVELOPMENT
SYN_004996,DEVELOPMENT
SYN_004997,HOLDOUT
SYN_004998,DEVELOPMENT
SYN_004999,DEVELOPMENT
SYN_005000,DEVELOPMENT
SYN_005001,DEVELOPMENT
SYN_005002,DEVELOPMENT
SYN_005003,DEVELOPMENT
SYN_005004,DEVELOPMENT
SYN_005005,HOLDOUT
SYN_005006,HOLDOUT
SYN_005007,DEVELOPMENT
SYN_005008,DEVELOPMENT
SYN_005009,DEVELOPMENT
SYN_005010,DEVELOPMENT
SYN_005011,DEVELOPMENT
SYN_005012,HOLDOUT
SYN_005013,DEVELOPMENT
SYN_005014,DEVELOPMENT
SYN_005015,DEVELOPMENT
SYN_005016,HOLDOUT
SYN_005017,DEVELOPMENT
SYN_005018,DEVELOPMENT
SYN_005019,DEVELOPMENT
SYN_005020,DEVELOPMENT
SYN_005021,DEVELOPMENT
SYN_005022,DEVELOPMENT
SYN_005023,DEVELOPMENT
SYN_005024,DEVELOPMENT
SYN_005025,DEVELOPMENT
SYN_005026,DEVELOPMENT
SYN_005027,DEVELOPMENT
SYN_005028,DEVELOPMENT
SYN_005029,DEVELOPMENT
SYN_005030,DEVELOPMENT
SYN_005031,DEVELOPMENT
SYN_005032,DEVELOPMENT
SYN_005033,DEVELOPMENT
SYN_005034,DEVELOPMENT
SYN_005035,DEVELOPMENT
SYN_005036,DEVELOPMENT
SYN_005037,DEVELOPMENT
SYN_005038,DEVELOPMENT
SYN_005039,DEVELOPMENT
SYN_005040,HOLDOUT
SYN_005041,DEVELOPMENT
SYN_005042,DEVELOPMENT
SYN_005043,DEVELOPMENT
SYN_005044,DEVELOPMENT
SYN_005045,DEVELOPMENT
SYN_005046,DEVELOPMENT
SYN_005047,DEVELOPMENT
SYN_005048,HOLDOUT
SYN_005049,DEVELOPMENT
SYN_005050,DEVELOPMENT
SYN_005051,DEVELOPMENT
SYN_005052,DEVELOPMENT
SYN_005053,HOLDOUT
SYN_005054,DEVELOPMENT
SYN_005055,DEVELOPMENT
SYN_005056,DEVELOPMENT
SYN_005057,HOLDOUT
SYN_005058,DEVELOPMENT
SYN_005059,DEVELOPMENT
SYN_005060,DEVELOPMENT
SYN_005061,DEVELOPMENT
SYN_005062,HOLDOUT
SYN_005063,DEVELOPMENT
SYN_005064,HOLDOUT
SYN_005065,DEVELOPMENT
SYN_005066,DEVELOPMENT
SYN_005067,DEVELOPMENT
SYN_005068,DEVELOPMENT
SYN_005069,DEVELOPMENT
SYN_005070,DEVELOPMENT
SYN_005071,DEVELOPMENT
SYN_005072,DEVELOPMENT
SYN_005073,DEVELOPMENT
SYN_005074,HOLDOUT
SYN_005075,DEVELOPMENT
SYN_005076,DEVELOPMENT
SYN_005077,DEVELOPMENT
SYN_005078,DEVELOPMENT
SYN_005079,DEVELOPMENT
SYN_005080,HOLDOUT
SYN_005081,HOLDOUT
SYN_005082,HOLDOUT
SYN_005083,DEVELOPMENT
SYN_005084,DEVELOPMENT
SYN_005085,DEVELOPMENT
SYN_005086,HOLDOUT
SYN_005087,HOLDOUT
SYN_005088,DEVELOPMENT
SYN_005089,DEVELOPMENT
SYN_005090,DEVELOPMENT
SYN_005091,DEVELOPMENT
SYN_005092,DEVELOPMENT
SYN_005093,DEVELOPMENT
SYN_005094,DEVELOPMENT
SYN_005095,DEVELOPMENT
SYN_005096,HOLDOUT
SYN_005097,DEVELOPMENT
SYN_005098,HOLDOUT
SYN_005099,HOLDOUT
SYN_005100,DEVELOPMENT
SYN_005101,DEVELOPMENT
SYN_005102,HOLDOUT
SYN_005103,HOLDOUT
SYN_005104,DEVELOPMENT
SYN_005105,DEVELOPMENT
SYN_005106,DEVELOPMENT
SYN_005107,DEVELOPMENT
SYN_005108,DEVELOPMENT
SYN_005109,DEVELOPMENT
SYN_005110,DEVELOPMENT
SYN_005111,DEVELOPMENT
SYN_005112,DEVELOPMENT
SYN_005113,DEVELOPMENT
SYN_005114,DEVELOPMENT
SYN_005115,HOLDOUT
SYN_005116,DEVELOPMENT
SYN_005117,DEVELOPMENT
SYN_005118,DEVELOPMENT
SYN_005119,DEVELOPMENT
SYN_005120,DEVELOPMENT
SYN_005121,DEVELOPMENT
SYN_005122,DEVELOPMENT
SYN_005123,DEVELOPMENT
SYN_005124,DEVELOPMENT
SYN_005125,DEVELOPMENT
SYN_005126,HOLDOUT
SYN_005127,HOLDOUT
SYN_005128,HOLDOUT
SYN_005129,HOLDOUT
SYN_005130,HOLDOUT
SYN_005131,DEVELOPMENT
SYN_005132,DEVELOPMENT
SYN_005133,DEVELOPMENT
SYN_005134,DEVELOPMENT
SYN_005135,HOLDOUT
SYN_005136,DEVELOPMENT
SYN_005137,DEVELOPMENT
SYN_005138,DEVELOPMENT
SYN_005139,DEVELOPMENT
SYN_005140,DEVELOPMENT
SYN_005141,HOLDOUT
SYN_005142,DEVELOPMENT
SYN_005143,HOLDOUT
SYN_005144,DEVELOPMENT
SYN_005145,DEVELOPMENT
SYN_005146,DEVELOPMENT
SYN_005147,DEVELOPMENT
SYN_005148,HOLDOUT
SYN_005149,DEVELOPMENT
SYN_005150,DEVELOPMENT
SYN_005151,DEVELOPMENT
SYN_005152,DEVELOPMENT
SYN_005153,DEVELOPMENT
SYN_005154,DEVELOPMENT
SYN_005155,DEVELOPMENT
SYN_005156,DEVELOPMENT
SYN_005157,DEVELOPMENT
SYN_005158,DEVELOPMENT
SYN_005159,DEVELOPMENT
SYN_005160,DEVELOPMENT
SYN_005161,DEVELOPMENT
SYN_005162,DEVELOPMENT
SYN_005163,DEVELOPMENT
SYN_005164,DEVELOPMENT
SYN_005165,HOLDOUT
SYN_005166,DEVELOPMENT
SYN_005167,DEVELOPMENT
SYN_005168,DEVELOPMENT
SYN_005169,HOLDOUT
SYN_005170,HOLDOUT
SYN_005171,DEVELOPMENT
SYN_005172,HOLDOUT
SYN_005173,HOLDOUT
SYN_005174,DEVELOPMENT
SYN_005175,HOLDOUT
SYN_005176,DEVELOPMENT
SYN_005177,DEVELOPMENT
SYN_005178,DEVELOPMENT
SYN_005179,DEVELOPMENT
SYN_005180,DEVELOPMENT
SYN_005181,HOLDOUT
SYN_005182,DEVELOPMENT
SYN_005183,HOLDOUT
SYN_005184,HOLDOUT
SYN_005185,DEVELOPMENT
SYN_005186,DEVELOPMENT
SYN_005187,DEVELOPMENT
SYN_005188,DEVELOPMENT
SYN_005189,DEVELOPMENT
SYN_005190,DEVELOPMENT
SYN_005191,DEVELOPMENT
SYN_005192,DEVELOPMENT
SYN_005193,DEVELOPMENT
SYN_005194,DEVELOPMENT
SYN_005195,DEVELOPMENT
SYN_005196,DEVELOPMENT
SYN_005197,DEVELOPMENT
SYN_005198,DEVELOPMENT
SYN_005199,DEVELOPMENT
SYN_005200,HOLDOUT
SYN_005201,DEVELOPMENT
SYN_005202,DEVELOPMENT
SYN_005203,DEVELOPMENT
SYN_005204,DEVELOPMENT
SYN_005205,HOLDOUT
SYN_005206,DEVELOPMENT
SYN_005207,HOLDOUT
SYN_005208,DEVELOPMENT
SYN_005209,DEVELOPMENT
SYN_005210,DEVELOPMENT
SYN_005211,DEVELOPMENT
SYN_005212,DEVELOPMENT
SYN_005213,HOLDOUT
SYN_005214,DEVELOPMENT
SYN_005215,DEVELOPMENT
SYN_005216,DEVELOPMENT
SYN_005217,DEVELOPMENT
SYN_005218,DEVELOPMENT
SYN_005219,DEVELOPMENT
SYN_005220,DEVELOPMENT
SYN_005221,DEVELOPMENT
SYN_005222,DEVELOPMENT
SYN_005223,HOLDOUT
SYN_005224,DEVELOPMENT
SYN_005225,HOLDOUT
SYN_005226,DEVELOPMENT
SYN_005227,DEVELOPMENT
SYN_005228,DEVELOPMENT
SYN_005229,HOLDOUT
SYN_005230,DEVELOPMENT
SYN_005231,DEVELOPMENT
SYN_005232,DEVELOPMENT
SYN_005233,DEVELOPMENT
SYN_005234,DEVELOPMENT
SYN_005235,DEVELOPMENT
SYN_005236,DEVELOPMENT
SYN_005237,DEVELOPMENT
SYN_005238,DEVELOPMENT
SYN_005239,HOLDOUT
SYN_005240,DEVELOPMENT
SYN_005241,DEVELOPMENT
SYN_005242,DEVELOPMENT
SYN_005243,DEVELOPMENT
SYN_005244,DEVELOPMENT
SYN_005245,DEVELOPMENT
SYN_005246,DEVELOPMENT
SYN_005247,DEVELOPMENT
SYN_005248,DEVELOPMENT
SYN_005249,DEVELOPMENT
SYN_005250,DEVELOPMENT
SYN_005251,DEVELOPMENT
SYN_005252,DEVELOPMENT
SYN_005253,DEVELOPMENT
SYN_005254,HOLDOUT
SYN_005255,DEVELOPMENT
SYN_005256,HOLDOUT
SYN_005257,DEVELOPMENT
SYN_005258,DEVELOPMENT
SYN_005259,HOLDOUT
SYN_005260,DEVELOPMENT
SYN_005261,DEVELOPMENT
SYN_005262,DEVELOPMENT
SYN_005263,DEVELOPMENT
SYN_005264,DEVELOPMENT
SYN_005265,DEVELOPMENT
SYN_005266,HOLDOUT
SYN_005267,DEVELOPMENT
SYN_005268,DEVELOPMENT
SYN_005269,DEVELOPMENT
SYN_005270,DEVELOPMENT
SYN_005271,DEVELOPMENT
SYN_005272,DEVELOPMENT
SYN_005273,DEVELOPMENT
SYN_005274,DEVELOPMENT
SYN_005275,DEVELOPMENT
SYN_005276,DEVELOPMENT
SYN_005277,DEVELOPMENT
SYN_005278,HOLDOUT
SYN_005279,HOLDOUT
SYN_005280,DEVELOPMENT
SYN_005281,HOLDOUT
SYN_005282,HOLDOUT
SYN_005283,HOLDOUT
SYN_005284,DEVELOPMENT
SYN_005285,DEVELOPMENT
SYN_005286,DEVELOPMENT
SYN_005287,DEVELOPMENT
SYN_005288,DEVELOPMENT
SYN_005289,DEVELOPMENT
SYN_005290,DEVELOPMENT
SYN_005291,DEVELOPMENT
SYN_005292,DEVELOPMENT
SYN_005293,HOLDOUT
SYN_005294,DEVELOPMENT
SYN_005295,DEVELOPMENT
SYN_005296,HOLDOUT
SYN_005297,DEVELOPMENT
SYN_005298,DEVELOPMENT
SYN_005299,DEVELOPMENT
SYN_005300,DEVELOPMENT
SYN_005301,DEVELOPMENT
SYN_005302,DEVELOPMENT
SYN_005303,DEVELOPMENT
SYN_005304,DEVELOPMENT
SYN_005305,DEVELOPMENT
SYN_005306,DEVELOPMENT
SYN_005307,DEVELOPMENT
SYN_005308,DEVELOPMENT
SYN_005309,DEVELOPMENT
SYN_005310,DEVELOPMENT
SYN_005311,HOLDOUT
SYN_005312,DEVELOPMENT
SYN_005313,DEVELOPMENT
SYN_005314,DEVELOPMENT
SYN_005315,DEVELOPMENT
SYN_005316,DEVELOPMENT
SYN_005317,DEVELOPMENT
SYN_005318,DEVELOPMENT
SYN_005319,HOLDOUT
SYN_005320,HOLDOUT
SYN_005321,DEVELOPMENT
SYN_005322,DEVELOPMENT
SYN_005323,DEVELOPMENT
SYN_005324,DEVELOPMENT
SYN_005325,HOLDOUT
SYN_005326,DEVELOPMENT
SYN_005327,HOLDOUT
SYN_005328,HOLDOUT
SYN_005329,HOLDOUT
SYN_005330,DEVELOPMENT
SYN_005331,DEVELOPMENT
SYN_005332,DEVELOPMENT
SYN_005333,DEVELOPMENT
SYN_005334,DEVELOPMENT
SYN_005335,DEVELOPMENT
SYN_005336,DEVELOPMENT
SYN_005337,DEVELOPMENT
SYN_005338,DEVELOPMENT
SYN_005339,DEVELOPMENT
SYN_005340,DEVELOPMENT
SYN_005341,DEVELOPMENT
SYN_005342,HOLDOUT
SYN_005343,DEVELOPMENT
SYN_005344,DEVELOPMENT
SYN_005345,DEVELOPMENT
SYN_005346,DEVELOPMENT
SYN_005347,DEVELOPMENT
SYN_005348,DEVELOPMENT
SYN_005349,DEVELOPMENT
SYN_005350,DEVELOPMENT
SYN_005351,DEVELOPMENT
SYN_005352,HOLDOUT
SYN_005353,DEVELOPMENT
SYN_005354,DEVELOPMENT
SYN_005355,DEVELOPMENT
SYN_005356,DEVELOPMENT
SYN_005357,HOLDOUT
SYN_005358,DEVELOPMENT
SYN_005359,DEVELOPMENT
SYN_005360,DEVELOPMENT
SYN_005361,DEVELOPMENT
SYN_005362,DEVELOPMENT
SYN_005363,HOLDOUT
SYN_005364,HOLDOUT
SYN_005365,DEVELOPMENT
SYN_005366,DEVELOPMENT
SYN_005367,DEVELOPMENT
SYN_005368,DEVELOPMENT
SYN_005369,HOLDOUT
SYN_005370,DEVELOPMENT
SYN_005371,DEVELOPMENT
SYN_005372,HOLDOUT
SYN_005373,DEVELOPMENT
SYN_005374,HOLDOUT
SYN_005375,DEVELOPMENT
SYN_005376,DEVELOPMENT
SYN_005377,DEVELOPMENT
SYN_005378,DEVELOPMENT
SYN_005379,DEVELOPMENT
SYN_005380,DEVELOPMENT
SYN_005381,HOLDOUT
SYN_005382,DEVELOPMENT
SYN_005383,DEVELOPMENT
SYN_005384,DEVELOPMENT
SYN_005385,HOLDOUT
SYN_005386,DEVELOPMENT
SYN_005387,DEVELOPMENT
SYN_005388,HOLDOUT
SYN_005389,DEVELOPMENT
SYN_005390,DEVELOPMENT
SYN_005391,DEVELOPMENT
SYN_005392,DEVELOPMENT
SYN_005393,DEVELOPMENT
SYN_005394,DEVELOPMENT
SYN_005395,DEVELOPMENT
SYN_005396,DEVELOPMENT
SYN_005397,DEVELOPMENT
SYN_005398,DEVELOPMENT
SYN_005399,DEVELOPMENT
SYN_005400,DEVELOPMENT
SYN_005401,DEVELOPMENT
SYN_005402,DEVELOPMENT
SYN_005403,DEVELOPMENT
SYN_005404,DEVELOPMENT
SYN_005405,DEVELOPMENT
SYN_005406,DEVELOPMENT
SYN_005407,HOLDOUT
SYN_005408,DEVELOPMENT
SYN_005409,DEVELOPMENT
SYN_005410,DEVELOPMENT
SYN_005411,DEVELOPMENT
SYN_005412,DEVELOPMENT
SYN_005413,HOLDOUT
SYN_005414,HOLDOUT
SYN_005415,DEVELOPMENT
SYN_005416,HOLDOUT
SYN_005417,DEVELOPMENT
SYN_005418,DEVELOPMENT
SYN_005419,DEVELOPMENT
SYN_005420,DEVELOPMENT
SYN_005421,DEVELOPMENT
SYN_005422,DEVELOPMENT
SYN_005423,DEVELOPMENT
SYN_005424,DEVELOPMENT
SYN_005425,DEVELOPMENT
SYN_005426,DEVELOPMENT
SYN_005427,DEVELOPMENT
SYN_005428,DEVELOPMENT
SYN_005429,DEVELOPMENT
SYN_005430,DEVELOPMENT
SYN_005431,DEVELOPMENT
SYN_005432,DEVELOPMENT
SYN_005433,HOLDOUT
SYN_005434,DEVELOPMENT
SYN_005435,DEVELOPMENT
SYN_005436,DEVELOPMENT
SYN_005437,DEVELOPMENT
SYN_005438,DEVELOPMENT
SYN_005439,HOLDOUT
SYN_005440,DEVELOPMENT
SYN_005441,DEVELOPMENT
SYN_005442,DEVELOPMENT
SYN_005443,HOLDOUT
SYN_005444,DEVELOPMENT
SYN_005445,DEVELOPMENT
SYN_005446,DEVELOPMENT
SYN_005447,DEVELOPMENT
SYN_005448,DEVELOPMENT
SYN_005449,DEVELOPMENT
SYN_005450,HOLDOUT
SYN_005451,DEVELOPMENT
SYN_005452,HOLDOUT
SYN_005453,DEVELOPMENT
SYN_005454,DEVELOPMENT
SYN_005455,DEVELOPMENT
SYN_005456,DEVELOPMENT
SYN_005457,HOLDOUT
SYN_005458,DEVELOPMENT
SYN_005459,DEVELOPMENT
SYN_005460,DEVELOPMENT
SYN_005461,HOLDOUT
SYN_005462,DEVELOPMENT
SYN_005463,DEVELOPMENT
SYN_005464,DEVELOPMENT
SYN_005465,HOLDOUT
SYN_005466,DEVELOPMENT
SYN_005467,DEVELOPMENT
SYN_005468,DEVELOPMENT
SYN_005469,DEVELOPMENT
SYN_005470,DEVELOPMENT
SYN_005471,DEVELOPMENT
SYN_005472,HOLDOUT
SYN_005473,HOLDOUT
SYN_005474,DEVELOPMENT
SYN_005475,DEVELOPMENT
SYN_005476,DEVELOPMENT
SYN_005477,HOLDOUT
SYN_005478,DEVELOPMENT
SYN_005479,DEVELOPMENT
SYN_005480,DEVELOPMENT
SYN_005481,DEVELOPMENT
SYN_005482,DEVELOPMENT
SYN_005483,DEVELOPMENT
SYN_005484,DEVELOPMENT
SYN_005485,DEVELOPMENT
SYN_005486,DEVELOPMENT
SYN_005487,DEVELOPMENT
SYN_005488,DEVELOPMENT
SYN_005489,HOLDOUT
SYN_005490,DEVELOPMENT
SYN_005491,DEVELOPMENT
SYN_005492,DEVELOPMENT
SYN_005493,DEVELOPMENT
SYN_005494,HOLDOUT
SYN_005495,DEVELOPMENT
SYN_005496,DEVELOPMENT
SYN_005497,DEVELOPMENT
SYN_005498,DEVELOPMENT
SYN_005499,DEVELOPMENT
SYN_005500,DEVELOPMENT
SYN_005501,DEVELOPMENT
SYN_005502,HOLDOUT
SYN_005503,DEVELOPMENT
SYN_005504,DEVELOPMENT
SYN_005505,DEVELOPMENT
SYN_005506,DEVELOPMENT
SYN_005507,DEVELOPMENT
SYN_005508,DEVELOPMENT
SYN_005509,DEVELOPMENT
SYN_005510,DEVELOPMENT
SYN_005511,DEVELOPMENT
SYN_005512,HOLDOUT
SYN_005513,HOLDOUT
SYN_005514,DEVELOPMENT
SYN_005515,DEVELOPMENT
SYN_005516,DEVELOPMENT
SYN_005517,DEVELOPMENT
SYN_005518,DEVELOPMENT
SYN_005519,DEVELOPMENT
SYN_005520,DEVELOPMENT
SYN_005521,DEVELOPMENT
SYN_005522,DEVELOPMENT
SYN_005523,DEVELOPMENT
SYN_005524,HOLDOUT
SYN_005525,DEVELOPMENT
SYN_005526,DEVELOPMENT
SYN_005527,HOLDOUT
SYN_005528,DEVELOPMENT
SYN_005529,DEVELOPMENT
SYN_005530,DEVELOPMENT
SYN_005531,HOLDOUT
SYN_005532,DEVELOPMENT
SYN_005533,DEVELOPMENT
SYN_005534,DEVELOPMENT
SYN_005535,DEVELOPMENT
SYN_005536,HOLDOUT
SYN_005537,DEVELOPMENT
SYN_005538,HOLDOUT
SYN_005539,HOLDOUT
SYN_005540,DEVELOPMENT
SYN_005541,DEVELOPMENT
SYN_005542,HOLDOUT
SYN_005543,DEVELOPMENT
SYN_005544,HOLDOUT
SYN_005545,DEVELOPMENT
SYN_005546,DEVELOPMENT
SYN_005547,DEVELOPMENT
SYN_005548,DEVELOPMENT
SYN_005549,DEVELOPMENT
SYN_005550,HOLDOUT
SYN_005551,DEVELOPMENT
SYN_005552,DEVELOPMENT
SYN_005553,DEVELOPMENT
SYN_005554,DEVELOPMENT
SYN_005555,DEVELOPMENT
SYN_005556,DEVELOPMENT
SYN_005557,DEVELOPMENT
SYN_005558,DEVELOPMENT
SYN_005559,HOLDOUT
SYN_005560,DEVELOPMENT
SYN_005561,DEVELOPMENT
SYN_005562,DEVELOPMENT
SYN_005563,HOLDOUT
SYN_005564,HOLDOUT
SYN_005565,HOLDOUT
SYN_005566,DEVELOPMENT
SYN_005567,HOLDOUT
SYN_005568,HOLDOUT
SYN_005569,HOLDOUT
SYN_005570,DEVELOPMENT
SYN_005571,HOLDOUT
SYN_005572,DEVELOPMENT
SYN_005573,DEVELOPMENT
SYN_005574,HOLDOUT
SYN_005575,DEVELOPMENT
SYN_005576,HOLDOUT
SYN_005577,DEVELOPMENT
SYN_005578,DEVELOPMENT
SYN_005579,DEVELOPMENT
SYN_005580,DEVELOPMENT
SYN_005581,HOLDOUT
SYN_005582,DEVELOPMENT
SYN_005583,DEVELOPMENT
SYN_005584,DEVELOPMENT
SYN_005585,DEVELOPMENT
SYN_005586,HOLDOUT
SYN_005587,DEVELOPMENT
SYN_005588,DEVELOPMENT
SYN_005589,DEVELOPMENT
SYN_005590,DEVELOPMENT
SYN_005591,DEVELOPMENT
SYN_005592,DEVELOPMENT
SYN_005593,DEVELOPMENT
SYN_005594,DEVELOPMENT
SYN_005595,HOLDOUT
SYN_005596,DEVELOPMENT
SYN_005597,DEVELOPMENT
SYN_005598,DEVELOPMENT
SYN_005599,DEVELOPMENT
SYN_005600,DEVELOPMENT
SYN_005601,DEVELOPMENT
SYN_005602,DEVELOPMENT
SYN_005603,DEVELOPMENT
SYN_005604,DEVELOPMENT
SYN_005605,DEVELOPMENT
SYN_005606,DEVELOPMENT
SYN_005607,DEVELOPMENT
SYN_005608,HOLDOUT
SYN_005609,DEVELOPMENT
SYN_005610,HOLDOUT
SYN_005611,DEVELOPMENT
SYN_005612,DEVELOPMENT
SYN_005613,DEVELOPMENT
SYN_005614,HOLDOUT
SYN_005615,DEVELOPMENT
SYN_005616,DEVELOPMENT
SYN_005617,DEVELOPMENT
SYN_005618,HOLDOUT
SYN_005619,DEVELOPMENT
SYN_005620,DEVELOPMENT
SYN_005621,HOLDOUT
SYN_005622,HOLDOUT
SYN_005623,HOLDOUT
SYN_005624,DEVELOPMENT
SYN_005625,DEVELOPMENT
SYN_005626,DEVELOPMENT
SYN_005627,DEVELOPMENT
SYN_005628,DEVELOPMENT
SYN_005629,DEVELOPMENT
SYN_005630,DEVELOPMENT
SYN_005631,HOLDOUT
SYN_005632,DEVELOPMENT
SYN_005633,DEVELOPMENT
SYN_005634,HOLDOUT
SYN_005635,DEVELOPMENT
SYN_005636,DEVELOPMENT
SYN_005637,DEVELOPMENT
SYN_005638,DEVELOPMENT
SYN_005639,DEVELOPMENT
SYN_005640,DEVELOPMENT
SYN_005641,HOLDOUT
SYN_005642,HOLDOUT
SYN_005643,HOLDOUT
SYN_005644,DEVELOPMENT
SYN_005645,DEVELOPMENT
SYN_005646,DEVELOPMENT
SYN_005647,DEVELOPMENT
SYN_005648,DEVELOPMENT
SYN_005649,DEVELOPMENT
SYN_005650,DEVELOPMENT
SYN_005651,DEVELOPMENT
SYN_005652,DEVELOPMENT
SYN_005653,DEVELOPMENT
SYN_005654,HOLDOUT
SYN_005655,HOLDOUT
SYN_005656,DEVELOPMENT
SYN_005657,DEVELOPMENT
SYN_005658,DEVELOPMENT
SYN_005659,DEVELOPMENT
SYN_005660,DEVELOPMENT
SYN_005661,DEVELOPMENT
SYN_005662,DEVELOPMENT
SYN_005663,HOLDOUT
SYN_005664,DEVELOPMENT
SYN_005665,DEVELOPMENT
SYN_005666,DEVELOPMENT
SYN_005667,DEVELOPMENT
SYN_005668,HOLDOUT
SYN_005669,HOLDOUT
SYN_005670,DEVELOPMENT
SYN_005671,DEVELOPMENT
SYN_005672,DEVELOPMENT
SYN_005673,DEVELOPMENT
SYN_005674,DEVELOPMENT
SYN_005675,DEVELOPMENT
SYN_005676,DEVELOPMENT
SYN_005677,DEVELOPMENT
SYN_005678,DEVELOPMENT
SYN_005679,HOLDOUT
SYN_005680,DEVELOPMENT
SYN_005681,DEVELOPMENT
SYN_005682,DEVELOPMENT
SYN_005683,DEVELOPMENT
SYN_005684,DEVELOPMENT
SYN_005685,DEVELOPMENT
SYN_005686,DEVELOPMENT
SYN_005687,HOLDOUT
SYN_005688,DEVELOPMENT
SYN_005689,DEVELOPMENT
SYN_005690,DEVELOPMENT
SYN_005691,DEVELOPMENT
SYN_005692,HOLDOUT
SYN_005693,DEVELOPMENT
SYN_005694,DEVELOPMENT
SYN_005695,DEVELOPMENT
SYN_005696,DEVELOPMENT
SYN_005697,DEVELOPMENT
SYN_005698,HOLDOUT
SYN_005699,DEVELOPMENT
SYN_005700,DEVELOPMENT
SYN_005701,HOLDOUT
SYN_005702,DEVELOPMENT
SYN_005703,HOLDOUT
SYN_005704,DEVELOPMENT
SYN_005705,DEVELOPMENT
SYN_005706,DEVELOPMENT
SYN_005707,HOLDOUT
SYN_005708,DEVELOPMENT
SYN_005709,DEVELOPMENT
SYN_005710,DEVELOPMENT
SYN_005711,DEVELOPMENT
SYN_005712,DEVELOPMENT
SYN_005713,DEVELOPMENT
SYN_005714,DEVELOPMENT
SYN_005715,DEVELOPMENT
SYN_005716,DEVELOPMENT
SYN_005717,DEVELOPMENT
SYN_005718,DEVELOPMENT
SYN_005719,DEVELOPMENT
SYN_005720,HOLDOUT
SYN_005721,HOLDOUT
SYN_005722,HOLDOUT
SYN_005723,DEVELOPMENT
SYN_005724,DEVELOPMENT
SYN_005725,DEVELOPMENT
SYN_005726,DEVELOPMENT
SYN_005727,DEVELOPMENT
SYN_005728,DEVELOPMENT
SYN_005729,DEVELOPMENT
SYN_005730,DEVELOPMENT
SYN_005731,DEVELOPMENT
SYN_005732,HOLDOUT
SYN_005733,DEVELOPMENT
SYN_005734,DEVELOPMENT
SYN_005735,DEVELOPMENT
SYN_005736,DEVELOPMENT
SYN_005737,DEVELOPMENT
SYN_005738,HOLDOUT
SYN_005739,DEVELOPMENT
SYN_005740,DEVELOPMENT
SYN_005741,HOLDOUT
SYN_005742,DEVELOPMENT
SYN_005743,HOLDOUT
SYN_005744,DEVELOPMENT
SYN_005745,HOLDOUT
SYN_005746,DEVELOPMENT
SYN_005747,DEVELOPMENT
SYN_005748,DEVELOPMENT
SYN_005749,DEVELOPMENT
SYN_005750,DEVELOPMENT
SYN_005751,DEVELOPMENT
SYN_005752,DEVELOPMENT
SYN_005753,DEVELOPMENT
SYN_005754,DEVELOPMENT
SYN_005755,DEVELOPMENT
SYN_005756,HOLDOUT
SYN_005757,HOLDOUT
SYN_005758,DEVELOPMENT
SYN_005759,DEVELOPMENT
SYN_005760,DEVELOPMENT
SYN_005761,DEVELOPMENT
SYN_005762,DEVELOPMENT
SYN_005763,DEVELOPMENT
SYN_005764,DEVELOPMENT
SYN_005765,DEVELOPMENT
SYN_005766,DEVELOPMENT
SYN_005767,DEVELOPMENT
SYN_005768,DEVELOPMENT
SYN_005769,DEVELOPMENT
SYN_005770,DEVELOPMENT
SYN_005771,DEVELOPMENT
SYN_005772,DEVELOPMENT
SYN_005773,DEVELOPMENT
SYN_005774,DEVELOPMENT
SYN_005775,DEVELOPMENT
SYN_005776,DEVELOPMENT
SYN_005777,HOLDOUT
SYN_005778,DEVELOPMENT
SYN_005779,HOLDOUT
SYN_005780,DEVELOPMENT
SYN_005781,DEVELOPMENT
SYN_005782,HOLDOUT
SYN_005783,DEVELOPMENT
SYN_005784,HOLDOUT
SYN_005785,DEVELOPMENT
SYN_005786,HOLDOUT
SYN_005787,DEVELOPMENT
SYN_005788,HOLDOUT
SYN_005789,DEVELOPMENT
SYN_005790,DEVELOPMENT
SYN_005791,DEVELOPMENT
SYN_005792,HOLDOUT
SYN_005793,DEVELOPMENT
SYN_005794,DEVELOPMENT
SYN_005795,DEVELOPMENT
SYN_005796,HOLDOUT
SYN_005797,DEVELOPMENT
SYN_005798,DEVELOPMENT
SYN_005799,HOLDOUT
SYN_005800,DEVELOPMENT
SYN_005801,DEVELOPMENT
SYN_005802,DEVELOPMENT
SYN_005803,DEVELOPMENT
SYN_005804,HOLDOUT
SYN_005805,DEVELOPMENT
SYN_005806,DEVELOPMENT
SYN_005807,DEVELOPMENT
SYN_005808,DEVELOPMENT
SYN_005809,DEVELOPMENT
SYN_005810,DEVELOPMENT
SYN_005811,DEVELOPMENT
SYN_005812,DEVELOPMENT
SYN_005813,DEVELOPMENT
SYN_005814,DEVELOPMENT
SYN_005815,DEVELOPMENT
SYN_005816,DEVELOPMENT
SYN_005817,DEVELOPMENT
SYN_005818,HOLDOUT
SYN_005819,HOLDOUT
SYN_005820,DEVELOPMENT
SYN_005821,DEVELOPMENT
SYN_005822,DEVELOPMENT
SYN_005823,HOLDOUT
SYN_005824,DEVELOPMENT
SYN_005825,HOLDOUT
SYN_005826,DEVELOPMENT
SYN_005827,DEVELOPMENT
SYN_005828,HOLDOUT
SYN_005829,DEVELOPMENT
SYN_005830,DEVELOPMENT
SYN_005831,DEVELOPMENT
SYN_005832,DEVELOPMENT
SYN_005833,DEVELOPMENT
SYN_005834,DEVELOPMENT
SYN_005835,DEVELOPMENT
SYN_005836,HOLDOUT
SYN_005837,HOLDOUT
SYN_005838,DEVELOPMENT
SYN_005839,DEVELOPMENT
SYN_005840,DEVELOPMENT
SYN_005841,DEVELOPMENT
SYN_005842,DEVELOPMENT
SYN_005843,DEVELOPMENT
SYN_005844,DEVELOPMENT
SYN_005845,DEVELOPMENT
SYN_005846,DEVELOPMENT
SYN_005847,HOLDOUT
SYN_005848,DEVELOPMENT
SYN_005849,HOLDOUT
SYN_005850,DEVELOPMENT
SYN_005851,DEVELOPMENT
SYN_005852,DEVELOPMENT
SYN_005853,DEVELOPMENT
SYN_005854,HOLDOUT
SYN_005855,DEVELOPMENT
SYN_005856,DEVELOPMENT
SYN_005857,DEVELOPMENT
SYN_005858,DEVELOPMENT
SYN_005859,DEVELOPMENT
SYN_005860,DEVELOPMENT
SYN_005861,DEVELOPMENT
SYN_005862,HOLDOUT
SYN_005863,HOLDOUT
SYN_005864,HOLDOUT
SYN_005865,DEVELOPMENT
SYN_005866,DEVELOPMENT
SYN_005867,HOLDOUT
SYN_005868,DEVELOPMENT
SYN_005869,DEVELOPMENT
SYN_005870,DEVELOPMENT
SYN_005871,HOLDOUT
SYN_005872,DEVELOPMENT
SYN_005873,DEVELOPMENT
SYN_005874,DEVELOPMENT
SYN_005875,DEVELOPMENT
SYN_005876,DEVELOPMENT
SYN_005877,HOLDOUT
SYN_005878,DEVELOPMENT
SYN_005879,HOLDOUT
SYN_005880,DEVELOPMENT
SYN_005881,DEVELOPMENT
SYN_005882,DEVELOPMENT
SYN_005883,DEVELOPMENT
SYN_005884,DEVELOPMENT
SYN_005885,DEVELOPMENT
SYN_005886,DEVELOPMENT
SYN_005887,DEVELOPMENT
SYN_005888,DEVELOPMENT
SYN_005889,DEVELOPMENT
SYN_005890,HOLDOUT
SYN_005891,HOLDOUT
SYN_005892,DEVELOPMENT
SYN_005893,DEVELOPMENT
SYN_005894,DEVELOPMENT
SYN_005895,DEVELOPMENT
SYN_005896,DEVELOPMENT
SYN_005897,DEVELOPMENT
SYN_005898,DEVELOPMENT
SYN_005899,DEVELOPMENT
SYN_005900,HOLDOUT
SYN_005901,HOLDOUT
SYN_005902,DEVELOPMENT
SYN_005903,DEVELOPMENT
SYN_005904,DEVELOPMENT
SYN_005905,HOLDOUT
SYN_005906,DEVELOPMENT
SYN_005907,HOLDOUT
SYN_005908,DEVELOPMENT
SYN_005909,HOLDOUT
SYN_005910,DEVELOPMENT
SYN_005911,DEVELOPMENT
SYN_005912,DEVELOPMENT
SYN_005913,DEVELOPMENT
SYN_005914,DEVELOPMENT
SYN_005915,HOLDOUT
SYN_005916,DEVELOPMENT
SYN_005917,HOLDOUT
SYN_005918,DEVELOPMENT
SYN_005919,DEVELOPMENT
SYN_005920,DEVELOPMENT
SYN_005921,HOLDOUT
SYN_005922,DEVELOPMENT
SYN_005923,HOLDOUT
SYN_005924,DEVELOPMENT
SYN_005925,HOLDOUT
SYN_005926,DEVELOPMENT
SYN_005927,DEVELOPMENT
SYN_005928,DEVELOPMENT
SYN_005929,DEVELOPMENT
SYN_005930,DEVELOPMENT
SYN_005931,DEVELOPMENT
SYN_005932,HOLDOUT
SYN_005933,DEVELOPMENT
SYN_005934,DEVELOPMENT
SYN_005935,DEVELOPMENT
SYN_005936,DEVELOPMENT
SYN_005937,DEVELOPMENT
SYN_005938,DEVELOPMENT
SYN_005939,DEVELOPMENT
SYN_005940,HOLDOUT
SYN_005941,HOLDOUT
SYN_005942,HOLDOUT
SYN_005943,DEVELOPMENT
SYN_005944,DEVELOPMENT
SYN_005945,DEVELOPMENT
SYN_005946,DEVELOPMENT
SYN_005947,DEVELOPMENT
SYN_005948,DEVELOPMENT
SYN_005949,DEVELOPMENT
SYN_005950,DEVELOPMENT
SYN_005951,DEVELOPMENT
SYN_005952,DEVELOPMENT
SYN_005953,DEVELOPMENT
SYN_005954,DEVELOPMENT
SYN_005955,DEVELOPMENT
SYN_005956,HOLDOUT
SYN_005957,DEVELOPMENT
SYN_005958,DEVELOPMENT
SYN_005959,HOLDOUT
SYN_005960,DEVELOPMENT
SYN_005961,DEVELOPMENT
SYN_005962,HOLDOUT
SYN_005963,HOLDOUT
SYN_005964,DEVELOPMENT
SYN_005965,DEVELOPMENT
SYN_005966,HOLDOUT
SYN_005967,DEVELOPMENT
SYN_005968,HOLDOUT
SYN_005969,DEVELOPMENT
SYN_005970,HOLDOUT
SYN_005971,DEVELOPMENT
SYN_005972,DEVELOPMENT
SYN_005973,HOLDOUT
SYN_005974,HOLDOUT
SYN_005975,DEVELOPMENT
SYN_005976,DEVELOPMENT
SYN_005977,DEVELOPMENT
SYN_005978,DEVELOPMENT
SYN_005979,HOLDOUT
SYN_005980,DEVELOPMENT
SYN_005981,DEVELOPMENT
SYN_005982,DEVELOPMENT
SYN_005983,DEVELOPMENT
SYN_005984,DEVELOPMENT
SYN_005985,DEVELOPMENT
SYN_005986,DEVELOPMENT
SYN_005987,HOLDOUT
SYN_005988,DEVELOPMENT
SYN_005989,DEVELOPMENT
SYN_005990,DEVELOPMENT
SYN_005991,HOLDOUT
SYN_005992,HOLDOUT
SYN_005993,DEVELOPMENT
SYN_005994,DEVELOPMENT
SYN_005995,HOLDOUT
SYN_005996,DEVELOPMENT
SYN_005997,DEVELOPMENT
SYN_005998,DEVELOPMENT
SYN_005999,HOLDOUT
SYN_006000,DEVELOPMENT
SYN_006001,DEVELOPMENT
SYN_006002,DEVELOPMENT
SYN_006003,DEVELOPMENT
SYN_006004,DEVELOPMENT
SYN_006005,DEVELOPMENT
SYN_006006,DEVELOPMENT
SYN_006007,HOLDOUT
SYN_006008,DEVELOPMENT
SYN_006009,DEVELOPMENT
SYN_006010,HOLDOUT
SYN_006011,DEVELOPMENT
SYN_006012,DEVELOPMENT
SYN_006013,DEVELOPMENT
SYN_006014,DEVELOPMENT
SYN_006015,DEVELOPMENT
SYN_006016,DEVELOPMENT
SYN_006017,DEVELOPMENT
SYN_006018,HOLDOUT
SYN_006019,HOLDOUT
SYN_006020,DEVELOPMENT
SYN_006021,DEVELOPMENT
SYN_006022,DEVELOPMENT
SYN_006023,DEVELOPMENT
SYN_006024,DEVELOPMENT
SYN_006025,DEVELOPMENT
SYN_006026,DEVELOPMENT
SYN_006027,DEVELOPMENT
SYN_006028,DEVELOPMENT
SYN_006029,DEVELOPMENT
SYN_006030,DEVELOPMENT
SYN_006031,DEVELOPMENT
SYN_006032,DEVELOPMENT
SYN_006033,DEVELOPMENT
SYN_006034,DEVELOPMENT
SYN_006035,DEVELOPMENT
SYN_006036,HOLDOUT
SYN_006037,DEVELOPMENT
SYN_006038,DEVELOPMENT
SYN_006039,DEVELOPMENT
SYN_006040,DEVELOPMENT
SYN_006041,HOLDOUT
SYN_006042,DEVELOPMENT
SYN_006043,HOLDOUT
SYN_006044,HOLDOUT
SYN_006045,DEVELOPMENT
SYN_006046,DEVELOPMENT
SYN_006047,HOLDOUT
SYN_006048,HOLDOUT
SYN_006049,DEVELOPMENT
SYN_006050,DEVELOPMENT
SYN_006051,DEVELOPMENT
SYN_006052,DEVELOPMENT
SYN_006053,DEVELOPMENT
SYN_006054,DEVELOPMENT
SYN_006055,DEVELOPMENT
SYN_006056,DEVELOPMENT
SYN_006057,DEVELOPMENT
SYN_006058,DEVELOPMENT
SYN_006059,DEVELOPMENT
SYN_006060,HOLDOUT
SYN_006061,HOLDOUT
SYN_006062,DEVELOPMENT
SYN_006063,DEVELOPMENT
SYN_006064,DEVELOPMENT
SYN_006065,DEVELOPMENT
SYN_006066,HOLDOUT
SYN_006067,HOLDOUT
SYN_006068,HOLDOUT
SYN_006069,DEVELOPMENT
SYN_006070,DEVELOPMENT
SYN_006071,DEVELOPMENT
SYN_006072,HOLDOUT
SYN_006073,DEVELOPMENT
SYN_006074,DEVELOPMENT
SYN_006075,DEVELOPMENT
SYN_006076,DEVELOPMENT
SYN_006077,DEVELOPMENT
SYN_006078,DEVELOPMENT
SYN_006079,HOLDOUT
SYN_006080,DEVELOPMENT
SYN_006081,DEVELOPMENT
SYN_006082,DEVELOPMENT
SYN_006083,DEVELOPMENT
SYN_006084,DEVELOPMENT
SYN_006085,DEVELOPMENT
SYN_006086,DEVELOPMENT
SYN_006087,DEVELOPMENT
SYN_006088,DEVELOPMENT
SYN_006089,DEVELOPMENT
SYN_006090,DEVELOPMENT
SYN_006091,DEVELOPMENT
SYN_006092,DEVELOPMENT
SYN_006093,DEVELOPMENT
SYN_006094,DEVELOPMENT
SYN_006095,DEVELOPMENT
SYN_006096,DEVELOPMENT
SYN_006097,DEVELOPMENT
SYN_006098,DEVELOPMENT
SYN_006099,DEVELOPMENT
SYN_006100,DEVELOPMENT
SYN_006101,DEVELOPMENT
SYN_006102,HOLDOUT
SYN_006103,HOLDOUT
SYN_006104,DEVELOPMENT
SYN_006105,DEVELOPMENT
SYN_006106,DEVELOPMENT
SYN_006107,HOLDOUT
SYN_006108,DEVELOPMENT
SYN_006109,DEVELOPMENT
SYN_006110,DEVELOPMENT
SYN_006111,DEVELOPMENT
SYN_006112,HOLDOUT
SYN_006113,HOLDOUT
SYN_006114,HOLDOUT
SYN_006115,HOLDOUT
SYN_006116,DEVELOPMENT
SYN_006117,DEVELOPMENT
SYN_006118,DEVELOPMENT
SYN_006119,DEVELOPMENT
SYN_006120,DEVELOPMENT
SYN_006121,DEVELOPMENT
SYN_006122,DEVELOPMENT
SYN_006123,DEVELOPMENT
SYN_006124,DEVELOPMENT
SYN_006125,DEVELOPMENT
SYN_006126,DEVELOPMENT
SYN_006127,HOLDOUT
SYN_006128,DEVELOPMENT
SYN_006129,HOLDOUT
SYN_006130,DEVELOPMENT
SYN_006131,DEVELOPMENT
SYN_006132,DEVELOPMENT
SYN_006133,DEVELOPMENT
SYN_006134,HOLDOUT
SYN_006135,DEVELOPMENT
SYN_006136,DEVELOPMENT
SYN_006137,DEVELOPMENT
SYN_006138,DEVELOPMENT
SYN_006139,DEVELOPMENT
SYN_006140,HOLDOUT
SYN_006141,DEVELOPMENT
SYN_006142,DEVELOPMENT
SYN_006143,DEVELOPMENT
SYN_006144,DEVELOPMENT
SYN_006145,HOLDOUT
SYN_006146,DEVELOPMENT
SYN_006147,DEVELOPMENT
SYN_006148,HOLDOUT
SYN_006149,DEVELOPMENT
SYN_006150,HOLDOUT
SYN_006151,DEVELOPMENT
SYN_006152,DEVELOPMENT
SYN_006153,DEVELOPMENT
SYN_006154,DEVELOPMENT
SYN_006155,HOLDOUT
SYN_006156,DEVELOPMENT
SYN_006157,DEVELOPMENT
SYN_006158,DEVELOPMENT
SYN_006159,DEVELOPMENT
SYN_006160,HOLDOUT
SYN_006161,DEVELOPMENT
SYN_006162,DEVELOPMENT
SYN_006163,DEVELOPMENT
SYN_006164,DEVELOPMENT
SYN_006165,DEVELOPMENT
SYN_006166,DEVELOPMENT
SYN_006167,HOLDOUT
SYN_006168,DEVELOPMENT
SYN_006169,DEVELOPMENT
SYN_006170,DEVELOPMENT
SYN_006171,HOLDOUT
SYN_006172,DEVELOPMENT
SYN_006173,DEVELOPMENT
SYN_006174,DEVELOPMENT
SYN_006175,DEVELOPMENT
SYN_006176,HOLDOUT
SYN_006177,DEVELOPMENT
SYN_006178,DEVELOPMENT
SYN_006179,DEVELOPMENT
SYN_006180,HOLDOUT
SYN_006181,DEVELOPMENT
SYN_006182,DEVELOPMENT
SYN_006183,DEVELOPMENT
SYN_006184,DEVELOPMENT
SYN_006185,DEVELOPMENT
SYN_006186,DEVELOPMENT
SYN_006187,HOLDOUT
SYN_006188,DEVELOPMENT
SYN_006189,DEVELOPMENT
SYN_006190,DEVELOPMENT
SYN_006191,HOLDOUT
SYN_006192,DEVELOPMENT
SYN_006193,DEVELOPMENT
SYN_006194,DEVELOPMENT
SYN_006195,HOLDOUT
SYN_006196,DEVELOPMENT
SYN_006197,DEVELOPMENT
SYN_006198,DEVELOPMENT
SYN_006199,DEVELOPMENT
SYN_006200,DEVELOPMENT
SYN_006201,DEVELOPMENT
SYN_006202,HOLDOUT
SYN_006203,HOLDOUT
SYN_006204,DEVELOPMENT
SYN_006205,DEVELOPMENT
SYN_006206,DEVELOPMENT
SYN_006207,HOLDOUT
SYN_006208,HOLDOUT
SYN_006209,HOLDOUT
SYN_006210,HOLDOUT
SYN_006211,DEVELOPMENT
SYN_006212,HOLDOUT
SYN_006213,DEVELOPMENT
SYN_006214,DEVELOPMENT
SYN_006215,DEVELOPMENT
SYN_006216,DEVELOPMENT
SYN_006217,DEVELOPMENT
SYN_006218,DEVELOPMENT
SYN_006219,HOLDOUT
SYN_006220,DEVELOPMENT
SYN_006221,DEVELOPMENT
SYN_006222,HOLDOUT
SYN_006223,DEVELOPMENT
SYN_006224,DEVELOPMENT
SYN_006225,DEVELOPMENT
SYN_006226,DEVELOPMENT
SYN_006227,DEVELOPMENT
SYN_006228,DEVELOPMENT
SYN_006229,DEVELOPMENT
SYN_006230,DEVELOPMENT
SYN_006231,DEVELOPMENT
SYN_006232,DEVELOPMENT
SYN_006233,DEVELOPMENT
SYN_006234,DEVELOPMENT
SYN_006235,DEVELOPMENT
SYN_006236,DEVELOPMENT
SYN_006237,DEVELOPMENT
SYN_006238,DEVELOPMENT
SYN_006239,DEVELOPMENT
SYN_006240,DEVELOPMENT
SYN_006241,HOLDOUT
SYN_006242,DEVELOPMENT
SYN_006243,DEVELOPMENT
SYN_006244,DEVELOPMENT
SYN_006245,HOLDOUT
SYN_006246,DEVELOPMENT
SYN_006247,DEVELOPMENT
SYN_006248,DEVELOPMENT
SYN_006249,DEVELOPMENT
SYN_006250,DEVELOPMENT
SYN_006251,DEVELOPMENT
SYN_006252,DEVELOPMENT
SYN_006253,DEVELOPMENT
SYN_006254,DEVELOPMENT
SYN_006255,DEVELOPMENT
SYN_006256,DEVELOPMENT
SYN_006257,DEVELOPMENT
SYN_006258,DEVELOPMENT
SYN_006259,HOLDOUT
SYN_006260,DEVELOPMENT
SYN_006261,DEVELOPMENT
SYN_006262,DEVELOPMENT
SYN_006263,HOLDOUT
SYN_006264,DEVELOPMENT
SYN_006265,DEVELOPMENT
SYN_006266,HOLDOUT
SYN_006267,DEVELOPMENT
SYN_006268,DEVELOPMENT
SYN_006269,DEVELOPMENT
SYN_006270,DEVELOPMENT
SYN_006271,DEVELOPMENT
SYN_006272,HOLDOUT
SYN_006273,DEVELOPMENT
SYN_006274,DEVELOPMENT
SYN_006275,DEVELOPMENT
SYN_006276,DEVELOPMENT
SYN_006277,HOLDOUT
SYN_006278,DEVELOPMENT
SYN_006279,DEVELOPMENT
SYN_006280,DEVELOPMENT
SYN_006281,DEVELOPMENT
SYN_006282,DEVELOPMENT
SYN_006283,DEVELOPMENT
SYN_006284,DEVELOPMENT
SYN_006285,DEVELOPMENT
SYN_006286,DEVELOPMENT
SYN_006287,HOLDOUT
SYN_006288,DEVELOPMENT
SYN_006289,DEVELOPMENT
SYN_006290,DEVELOPMENT
SYN_006291,DEVELOPMENT
SYN_006292,HOLDOUT
SYN_006293,DEVELOPMENT
SYN_006294,HOLDOUT
SYN_006295,DEVELOPMENT
SYN_006296,DEVELOPMENT
SYN_006297,DEVELOPMENT
SYN_006298,DEVELOPMENT
SYN_006299,DEVELOPMENT
SYN_006300,DEVELOPMENT
SYN_006301,DEVELOPMENT
SYN_006302,DEVELOPMENT
SYN_006303,DEVELOPMENT
SYN_006304,DEVELOPMENT
SYN_006305,DEVELOPMENT
SYN_006306,DEVELOPMENT
SYN_006307,DEVELOPMENT
SYN_006308,DEVELOPMENT
SYN_006309,DEVELOPMENT
SYN_006310,HOLDOUT
SYN_006311,DEVELOPMENT
SYN_006312,DEVELOPMENT
SYN_006313,DEVELOPMENT
SYN_006314,DEVELOPMENT
SYN_006315,DEVELOPMENT
SYN_006316,DEVELOPMENT
SYN_006317,HOLDOUT
SYN_006318,DEVELOPMENT
SYN_006319,DEVELOPMENT
SYN_006320,DEVELOPMENT
SYN_006321,DEVELOPMENT
SYN_006322,DEVELOPMENT
SYN_006323,DEVELOPMENT
SYN_006324,DEVELOPMENT
SYN_006325,DEVELOPMENT
SYN_006326,DEVELOPMENT
SYN_006327,DEVELOPMENT
SYN_006328,DEVELOPMENT
SYN_006329,DEVELOPMENT
SYN_006330,DEVELOPMENT
SYN_006331,DEVELOPMENT
SYN_006332,DEVELOPMENT
SYN_006333,DEVELOPMENT
SYN_006334,HOLDOUT
SYN_006335,DEVELOPMENT
SYN_006336,DEVELOPMENT
SYN_006337,DEVELOPMENT
SYN_006338,DEVELOPMENT
SYN_006339,DEVELOPMENT
SYN_006340,DEVELOPMENT
SYN_006341,DEVELOPMENT
SYN_006342,DEVELOPMENT
SYN_006343,DEVELOPMENT
SYN_006344,HOLDOUT
SYN_006345,DEVELOPMENT
SYN_006346,DEVELOPMENT
SYN_006347,HOLDOUT
SYN_006348,DEVELOPMENT
SYN_006349,DEVELOPMENT
SYN_006350,DEVELOPMENT
SYN_006351,DEVELOPMENT
SYN_006352,HOLDOUT
SYN_006353,DEVELOPMENT
SYN_006354,DEVELOPMENT
SYN_006355,DEVELOPMENT
SYN_006356,DEVELOPMENT
SYN_006357,DEVELOPMENT
SYN_006358,DEVELOPMENT
SYN_006359,DEVELOPMENT
SYN_006360,DEVELOPMENT
SYN_006361,DEVELOPMENT
SYN_006362,DEVELOPMENT
SYN_006363,DEVELOPMENT
SYN_006364,DEVELOPMENT
SYN_006365,DEVELOPMENT
SYN_006366,DEVELOPMENT
SYN_006367,DEVELOPMENT
SYN_006368,DEVELOPMENT
SYN_006369,DEVELOPMENT
SYN_006370,DEVELOPMENT
SYN_006371,DEVELOPMENT
SYN_006372,DEVELOPMENT
SYN_006373,DEVELOPMENT
SYN_006374,DEVELOPMENT
SYN_006375,DEVELOPMENT
SYN_006376,DEVELOPMENT
SYN_006377,DEVELOPMENT
SYN_006378,DEVELOPMENT
SYN_006379,DEVELOPMENT
SYN_006380,DEVELOPMENT
SYN_006381,HOLDOUT
SYN_006382,HOLDOUT
SYN_006383,DEVELOPMENT
SYN_006384,DEVELOPMENT
SYN_006385,HOLDOUT
SYN_006386,DEVELOPMENT
SYN_006387,DEVELOPMENT
SYN_006388,DEVELOPMENT
SYN_006389,DEVELOPMENT
SYN_006390,DEVELOPMENT
SYN_006391,DEVELOPMENT
SYN_006392,DEVELOPMENT
SYN_006393,DEVELOPMENT
SYN_006394,DEVELOPMENT
SYN_006395,DEVELOPMENT
SYN_006396,HOLDOUT
SYN_006397,DEVELOPMENT
SYN_006398,DEVELOPMENT
SYN_006399,DEVELOPMENT
SYN_006400,DEVELOPMENT
SYN_006401,DEVELOPMENT
SYN_006402,DEVELOPMENT
SYN_006403,DEVELOPMENT
SYN_006404,HOLDOUT
SYN_006405,DEVELOPMENT
SYN_006406,DEVELOPMENT
SYN_006407,DEVELOPMENT
SYN_006408,HOLDOUT
SYN_006409,DEVELOPMENT
SYN_006410,DEVELOPMENT
SYN_006411,DEVELOPMENT
SYN_006412,DEVELOPMENT
SYN_006413,DEVELOPMENT
SYN_006414,DEVELOPMENT
SYN_006415,DEVELOPMENT
SYN_006416,DEVELOPMENT
SYN_006417,HOLDOUT
SYN_006418,HOLDOUT
SYN_006419,DEVELOPMENT
SYN_006420,DEVELOPMENT
SYN_006421,DEVELOPMENT
SYN_006422,DEVELOPMENT
SYN_006423,HOLDOUT
SYN_006424,HOLDOUT
SYN_006425,DEVELOPMENT
SYN_006426,DEVELOPMENT
SYN_006427,DEVELOPMENT
SYN_006428,HOLDOUT
SYN_006429,DEVELOPMENT
SYN_006430,DEVELOPMENT
SYN_006431,DEVELOPMENT
SYN_006432,DEVELOPMENT
SYN_006433,DEVELOPMENT
SYN_006434,DEVELOPMENT
SYN_006435,HOLDOUT
SYN_006436,DEVELOPMENT
SYN_006437,DEVELOPMENT
SYN_006438,DEVELOPMENT
SYN_006439,DEVELOPMENT
SYN_006440,DEVELOPMENT
SYN_006441,DEVELOPMENT
SYN_006442,DEVELOPMENT
SYN_006443,HOLDOUT
SYN_006444,HOLDOUT
SYN_006445,HOLDOUT
SYN_006446,HOLDOUT
SYN_006447,HOLDOUT
SYN_006448,DEVELOPMENT
SYN_006449,DEVELOPMENT
SYN_006450,DEVELOPMENT
SYN_006451,DEVELOPMENT
SYN_006452,HOLDOUT
SYN_006453,DEVELOPMENT
SYN_006454,DEVELOPMENT
SYN_006455,DEVELOPMENT
SYN_006456,DEVELOPMENT
SYN_006457,DEVELOPMENT
SYN_006458,DEVELOPMENT
SYN_006459,DEVELOPMENT
SYN_006460,DEVELOPMENT
SYN_006461,DEVELOPMENT
SYN_006462,HOLDOUT
SYN_006463,DEVELOPMENT
SYN_006464,HOLDOUT
SYN_006465,DEVELOPMENT
SYN_006466,DEVELOPMENT
SYN_006467,DEVELOPMENT
SYN_006468,DEVELOPMENT
SYN_006469,HOLDOUT
SYN_006470,DEVELOPMENT
SYN_006471,HOLDOUT
SYN_006472,HOLDOUT
SYN_006473,HOLDOUT
SYN_006474,DEVELOPMENT
SYN_006475,DEVELOPMENT
SYN_006476,DEVELOPMENT
SYN_006477,HOLDOUT
SYN_006478,DEVELOPMENT
SYN_006479,DEVELOPMENT
SYN_006480,HOLDOUT
SYN_006481,DEVELOPMENT
SYN_006482,DEVELOPMENT
SYN_006483,HOLDOUT
SYN_006484,HOLDOUT
SYN_006485,DEVELOPMENT
SYN_006486,DEVELOPMENT
SYN_006487,HOLDOUT
SYN_006488,DEVELOPMENT
SYN_006489,HOLDOUT
SYN_006490,DEVELOPMENT
SYN_006491,DEVELOPMENT
SYN_006492,DEVELOPMENT
SYN_006493,DEVELOPMENT
SYN_006494,DEVELOPMENT
SYN_006495,DEVELOPMENT
SYN_006496,DEVELOPMENT
SYN_006497,HOLDOUT
SYN_006498,DEVELOPMENT
SYN_006499,DEVELOPMENT
SYN_006500,DEVELOPMENT
SYN_006501,DEVELOPMENT
SYN_006502,HOLDOUT
SYN_006503,DEVELOPMENT
SYN_006504,HOLDOUT
SYN_006505,DEVELOPMENT
SYN_006506,DEVELOPMENT
SYN_006507,DEVELOPMENT
SYN_006508,DEVELOPMENT
SYN_006509,HOLDOUT
SYN_006510,HOLDOUT
SYN_006511,HOLDOUT
SYN_006512,DEVELOPMENT
SYN_006513,HOLDOUT
SYN_006514,DEVELOPMENT
SYN_006515,DEVELOPMENT
SYN_006516,DEVELOPMENT
SYN_006517,DEVELOPMENT
SYN_006518,DEVELOPMENT
SYN_006519,DEVELOPMENT
SYN_006520,HOLDOUT
SYN_006521,DEVELOPMENT
SYN_006522,HOLDOUT
SYN_006523,DEVELOPMENT
SYN_006524,DEVELOPMENT
SYN_006525,HOLDOUT
SYN_006526,HOLDOUT
SYN_006527,DEVELOPMENT
SYN_006528,DEVELOPMENT
SYN_006529,DEVELOPMENT
SYN_006530,DEVELOPMENT
SYN_006531,DEVELOPMENT
SYN_006532,HOLDOUT
SYN_006533,HOLDOUT
SYN_006534,DEVELOPMENT
SYN_006535,DEVELOPMENT
SYN_006536,DEVELOPMENT
SYN_006537,DEVELOPMENT
SYN_006538,HOLDOUT
SYN_006539,HOLDOUT
SYN_006540,DEVELOPMENT
SYN_006541,DEVELOPMENT
SYN_006542,HOLDOUT
SYN_006543,DEVELOPMENT
SYN_006544,DEVELOPMENT
SYN_006545,DEVELOPMENT
SYN_006546,DEVELOPMENT
SYN_006547,DEVELOPMENT
SYN_006548,DEVELOPMENT
SYN_006549,DEVELOPMENT
SYN_006550,DEVELOPMENT
SYN_006551,DEVELOPMENT
SYN_006552,DEVELOPMENT
SYN_006553,DEVELOPMENT
SYN_006554,DEVELOPMENT
SYN_006555,DEVELOPMENT
SYN_006556,DEVELOPMENT
SYN_006557,DEVELOPMENT
SYN_006558,DEVELOPMENT
SYN_006559,HOLDOUT
SYN_006560,DEVELOPMENT
SYN_006561,DEVELOPMENT
SYN_006562,DEVELOPMENT
SYN_006563,HOLDOUT
SYN_006564,DEVELOPMENT
SYN_006565,DEVELOPMENT
SYN_006566,DEVELOPMENT
SYN_006567,DEVELOPMENT
SYN_006568,DEVELOPMENT
SYN_006569,DEVELOPMENT
SYN_006570,HOLDOUT
SYN_006571,DEVELOPMENT
SYN_006572,DEVELOPMENT
SYN_006573,DEVELOPMENT
SYN_006574,DEVELOPMENT
SYN_006575,HOLDOUT
SYN_006576,DEVELOPMENT
SYN_006577,DEVELOPMENT
SYN_006578,HOLDOUT
SYN_006579,DEVELOPMENT
SYN_006580,DEVELOPMENT
SYN_006581,DEVELOPMENT
SYN_006582,HOLDOUT
SYN_006583,DEVELOPMENT
SYN_006584,HOLDOUT
SYN_006585,DEVELOPMENT
SYN_006586,DEVELOPMENT
SYN_006587,DEVELOPMENT
SYN_006588,DEVELOPMENT
SYN_006589,DEVELOPMENT
SYN_006590,DEVELOPMENT
SYN_006591,HOLDOUT
SYN_006592,DEVELOPMENT
SYN_006593,DEVELOPMENT
SYN_006594,HOLDOUT
SYN_006595,DEVELOPMENT
SYN_006596,DEVELOPMENT
SYN_006597,DEVELOPMENT
SYN_006598,DEVELOPMENT
SYN_006599,HOLDOUT
SYN_006600,DEVELOPMENT
SYN_006601,DEVELOPMENT
SYN_006602,DEVELOPMENT
SYN_006603,HOLDOUT
SYN_006604,DEVELOPMENT
SYN_006605,DEVELOPMENT
SYN_006606,DEVELOPMENT
SYN_006607,HOLDOUT
SYN_006608,HOLDOUT
SYN_006609,DEVELOPMENT
SYN_006610,DEVELOPMENT
SYN_006611,HOLDOUT
SYN_006612,DEVELOPMENT
SYN_006613,DEVELOPMENT
SYN_006614,DEVELOPMENT
SYN_006615,DEVELOPMENT
SYN_006616,DEVELOPMENT
SYN_006617,DEVELOPMENT
SYN_006618,DEVELOPMENT
SYN_006619,HOLDOUT
SYN_006620,DEVELOPMENT
SYN_006621,DEVELOPMENT
SYN_006622,DEVELOPMENT
SYN_006623,HOLDOUT
SYN_006624,HOLDOUT
SYN_006625,HOLDOUT
SYN_006626,DEVELOPMENT
SYN_006627,DEVELOPMENT
SYN_006628,DEVELOPMENT
SYN_006629,HOLDOUT
SYN_006630,DEVELOPMENT
SYN_006631,HOLDOUT
SYN_006632,DEVELOPMENT
SYN_006633,DEVELOPMENT
SYN_006634,DEVELOPMENT
SYN_006635,DEVELOPMENT
SYN_006636,DEVELOPMENT
SYN_006637,HOLDOUT
SYN_006638,HOLDOUT
SYN_006639,DEVELOPMENT
SYN_006640,DEVELOPMENT
SYN_006641,DEVELOPMENT
SYN_006642,DEVELOPMENT
SYN_006643,HOLDOUT
SYN_006644,DEVELOPMENT
SYN_006645,HOLDOUT
SYN_006646,DEVELOPMENT
SYN_006647,DEVELOPMENT
SYN_006648,HOLDOUT
SYN_006649,HOLDOUT
SYN_006650,DEVELOPMENT
SYN_006651,DEVELOPMENT
SYN_006652,DEVELOPMENT
SYN_006653,DEVELOPMENT
SYN_006654,DEVELOPMENT
SYN_006655,DEVELOPMENT
SYN_006656,DEVELOPMENT
SYN_006657,DEVELOPMENT
SYN_006658,DEVELOPMENT
SYN_006659,DEVELOPMENT
SYN_006660,DEVELOPMENT
SYN_006661,HOLDOUT
SYN_006662,DEVELOPMENT
SYN_006663,HOLDOUT
SYN_006664,HOLDOUT
SYN_006665,DEVELOPMENT
SYN_006666,DEVELOPMENT
SYN_006667,DEVELOPMENT
SYN_006668,HOLDOUT
SYN_006669,HOLDOUT
SYN_006670,DEVELOPMENT
SYN_006671,DEVELOPMENT
SYN_006672,DEVELOPMENT
SYN_006673,DEVELOPMENT
SYN_006674,DEVELOPMENT
SYN_006675,DEVELOPMENT
SYN_006676,DEVELOPMENT
SYN_006677,DEVELOPMENT
SYN_006678,DEVELOPMENT
SYN_006679,DEVELOPMENT
SYN_006680,DEVELOPMENT
SYN_006681,DEVELOPMENT
SYN_006682,DEVELOPMENT
SYN_006683,HOLDOUT
SYN_006684,DEVELOPMENT
SYN_006685,HOLDOUT
SYN_006686,DEVELOPMENT
SYN_006687,DEVELOPMENT
SYN_006688,DEVELOPMENT
SYN_006689,DEVELOPMENT
SYN_006690,HOLDOUT
SYN_006691,DEVELOPMENT
SYN_006692,DEVELOPMENT
SYN_006693,DEVELOPMENT
SYN_006694,DEVELOPMENT
SYN_006695,DEVELOPMENT
SYN_006696,DEVELOPMENT
SYN_006697,DEVELOPMENT
SYN_006698,DEVELOPMENT
SYN_006699,DEVELOPMENT
SYN_006700,DEVELOPMENT
SYN_006701,DEVELOPMENT
SYN_006702,DEVELOPMENT
SYN_006703,DEVELOPMENT
SYN_006704,DEVELOPMENT
SYN_006705,DEVELOPMENT
SYN_006706,DEVELOPMENT
SYN_006707,DEVELOPMENT
SYN_006708,DEVELOPMENT
SYN_006709,DEVELOPMENT
SYN_006710,HOLDOUT
SYN_006711,DEVELOPMENT
SYN_006712,DEVELOPMENT
SYN_006713,DEVELOPMENT
SYN_006714,DEVELOPMENT
SYN_006715,HOLDOUT
SYN_006716,DEVELOPMENT
SYN_006717,DEVELOPMENT
SYN_006718,HOLDOUT
SYN_006719,DEVELOPMENT
SYN_006720,DEVELOPMENT
SYN_006721,HOLDOUT
SYN_006722,DEVELOPMENT
SYN_006723,DEVELOPMENT
SYN_006724,DEVELOPMENT
SYN_006725,DEVELOPMENT
SYN_006726,DEVELOPMENT
SYN_006727,HOLDOUT
SYN_006728,DEVELOPMENT
SYN_006729,HOLDOUT
SYN_006730,DEVELOPMENT
SYN_006731,DEVELOPMENT
SYN_006732,DEVELOPMENT
SYN_006733,HOLDOUT
SYN_006734,DEVELOPMENT
SYN_006735,HOLDOUT
SYN_006736,DEVELOPMENT
SYN_006737,DEVELOPMENT
SYN_006738,DEVELOPMENT
SYN_006739,DEVELOPMENT
SYN_006740,DEVELOPMENT
SYN_006741,DEVELOPMENT
SYN_006742,DEVELOPMENT
SYN_006743,DEVELOPMENT
SYN_006744,DEVELOPMENT
SYN_006745,DEVELOPMENT
SYN_006746,HOLDOUT
SYN_006747,DEVELOPMENT
SYN_006748,DEVELOPMENT
SYN_006749,DEVELOPMENT
SYN_006750,DEVELOPMENT
SYN_006751,HOLDOUT
SYN_006752,DEVELOPMENT
SYN_006753,DEVELOPMENT
SYN_006754,HOLDOUT
SYN_006755,DEVELOPMENT
SYN_006756,HOLDOUT
SYN_006757,DEVELOPMENT
SYN_006758,DEVELOPMENT
SYN_006759,DEVELOPMENT
SYN_006760,DEVELOPMENT
SYN_006761,DEVELOPMENT
SYN_006762,DEVELOPMENT
SYN_006763,DEVELOPMENT
SYN_006764,DEVELOPMENT
SYN_006765,HOLDOUT
SYN_006766,DEVELOPMENT
SYN_006767,HOLDOUT
SYN_006768,DEVELOPMENT
SYN_006769,DEVELOPMENT
SYN_006770,DEVELOPMENT
SYN_006771,DEVELOPMENT
SYN_006772,DEVELOPMENT
SYN_006773,DEVELOPMENT
SYN_006774,DEVELOPMENT
SYN_006775,DEVELOPMENT
SYN_006776,DEVELOPMENT
SYN_006777,DEVELOPMENT
SYN_006778,DEVELOPMENT
SYN_006779,DEVELOPMENT
SYN_006780,DEVELOPMENT
SYN_006781,DEVELOPMENT
SYN_006782,DEVELOPMENT
SYN_006783,DEVELOPMENT
SYN_006784,DEVELOPMENT
SYN_006785,DEVELOPMENT
SYN_006786,DEVELOPMENT
SYN_006787,DEVELOPMENT
SYN_006788,DEVELOPMENT
SYN_006789,DEVELOPMENT
SYN_006790,DEVELOPMENT
SYN_006791,HOLDOUT
SYN_006792,HOLDOUT
SYN_006793,HOLDOUT
SYN_006794,DEVELOPMENT
SYN_006795,DEVELOPMENT
SYN_006796,DEVELOPMENT
SYN_006797,HOLDOUT
SYN_006798,DEVELOPMENT
SYN_006799,DEVELOPMENT
SYN_006800,DEVELOPMENT
SYN_006801,DEVELOPMENT
SYN_006802,DEVELOPMENT
SYN_006803,DEVELOPMENT
SYN_006804,DEVELOPMENT
SYN_006805,DEVELOPMENT
SYN_006806,DEVELOPMENT
SYN_006807,DEVELOPMENT
SYN_006808,DEVELOPMENT
SYN_006809,DEVELOPMENT
SYN_006810,DEVELOPMENT
SYN_006811,DEVELOPMENT
SYN_006812,DEVELOPMENT
SYN_006813,DEVELOPMENT
SYN_006814,DEVELOPMENT
SYN_006815,DEVELOPMENT
SYN_006816,DEVELOPMENT
SYN_006817,DEVELOPMENT
SYN_006818,DEVELOPMENT
SYN_006819,DEVELOPMENT
SYN_006820,DEVELOPMENT
SYN_006821,DEVELOPMENT
SYN_006822,DEVELOPMENT
SYN_006823,DEVELOPMENT
SYN_006824,DEVELOPMENT
SYN_006825,DEVELOPMENT
SYN_006826,DEVELOPMENT
SYN_006827,DEVELOPMENT
SYN_006828,DEVELOPMENT
SYN_006829,DEVELOPMENT
SYN_006830,DEVELOPMENT
SYN_006831,DEVELOPMENT
SYN_006832,HOLDOUT
SYN_006833,DEVELOPMENT
SYN_006834,DEVELOPMENT
SYN_006835,DEVELOPMENT
SYN_006836,DEVELOPMENT
SYN_006837,HOLDOUT
SYN_006838,HOLDOUT
SYN_006839,DEVELOPMENT
SYN_006840,DEVELOPMENT
SYN_006841,DEVELOPMENT
SYN_006842,HOLDOUT
SYN_006843,HOLDOUT
SYN_006844,DEVELOPMENT
SYN_006845,DEVELOPMENT
SYN_006846,DEVELOPMENT
SYN_006847,HOLDOUT
SYN_006848,DEVELOPMENT
SYN_006849,HOLDOUT
SYN_006850,HOLDOUT
SYN_006851,DEVELOPMENT
SYN_006852,DEVELOPMENT
SYN_006853,DEVELOPMENT
SYN_006854,DEVELOPMENT
SYN_006855,DEVELOPMENT
SYN_006856,DEVELOPMENT
SYN_006857,DEVELOPMENT
SYN_006858,DEVELOPMENT
SYN_006859,DEVELOPMENT
SYN_006860,DEVELOPMENT
SYN_006861,DEVELOPMENT
SYN_006862,HOLDOUT
SYN_006863,HOLDOUT
SYN_006864,DEVELOPMENT
SYN_006865,DEVELOPMENT
SYN_006866,HOLDOUT
SYN_006867,DEVELOPMENT
SYN_006868,DEVELOPMENT
SYN_006869,DEVELOPMENT
SYN_006870,DEVELOPMENT
SYN_006871,HOLDOUT
SYN_006872,DEVELOPMENT
SYN_006873,DEVELOPMENT
SYN_006874,DEVELOPMENT
SYN_006875,HOLDOUT
SYN_006876,DEVELOPMENT
SYN_006877,HOLDOUT
SYN_006878,DEVELOPMENT
SYN_006879,DEVELOPMENT
SYN_006880,DEVELOPMENT
SYN_006881,HOLDOUT
SYN_006882,DEVELOPMENT
SYN_006883,DEVELOPMENT
SYN_006884,DEVELOPMENT
SYN_006885,DEVELOPMENT
SYN_006886,DEVELOPMENT
SYN_006887,HOLDOUT
SYN_006888,DEVELOPMENT
SYN_006889,DEVELOPMENT
SYN_006890,DEVELOPMENT
SYN_006891,HOLDOUT
SYN_006892,HOLDOUT
SYN_006893,DEVELOPMENT
SYN_006894,DEVELOPMENT
SYN_006895,DEVELOPMENT
SYN_006896,DEVELOPMENT
SYN_006897,DEVELOPMENT
SYN_006898,DEVELOPMENT
SYN_006899,DEVELOPMENT
SYN_006900,DEVELOPMENT
SYN_006901,DEVELOPMENT
SYN_006902,DEVELOPMENT
SYN_006903,DEVELOPMENT
SYN_006904,DEVELOPMENT
SYN_006905,DEVELOPMENT
SYN_006906,DEVELOPMENT
SYN_006907,DEVELOPMENT
SYN_006908,DEVELOPMENT
SYN_006909,DEVELOPMENT
SYN_006910,HOLDOUT
SYN_006911,DEVELOPMENT
SYN_006912,DEVELOPMENT
SYN_006913,DEVELOPMENT
SYN_006914,DEVELOPMENT
SYN_006915,DEVELOPMENT
SYN_006916,DEVELOPMENT
SYN_006917,DEVELOPMENT
SYN_006918,DEVELOPMENT
SYN_006919,DEVELOPMENT
SYN_006920,DEVELOPMENT
SYN_006921,DEVELOPMENT
SYN_006922,DEVELOPMENT
SYN_006923,DEVELOPMENT
SYN_006924,DEVELOPMENT
SYN_006925,DEVELOPMENT
SYN_006926,DEVELOPMENT
SYN_006927,DEVELOPMENT
SYN_006928,DEVELOPMENT
SYN_006929,DEVELOPMENT
SYN_006930,DEVELOPMENT
SYN_006931,HOLDOUT
SYN_006932,HOLDOUT
SYN_006933,DEVELOPMENT
SYN_006934,DEVELOPMENT
SYN_006935,HOLDOUT
SYN_006936,DEVELOPMENT
SYN_006937,DEVELOPMENT
SYN_006938,HOLDOUT
SYN_006939,DEVELOPMENT
SYN_006940,HOLDOUT
SYN_006941,HOLDOUT
SYN_006942,DEVELOPMENT
SYN_006943,DEVELOPMENT
SYN_006944,DEVELOPMENT
SYN_006945,DEVELOPMENT
SYN_006946,DEVELOPMENT
SYN_006947,HOLDOUT
SYN_006948,DEVELOPMENT
SYN_006949,DEVELOPMENT
SYN_006950,DEVELOPMENT
SYN_006951,DEVELOPMENT
SYN_006952,DEVELOPMENT
SYN_006953,DEVELOPMENT
SYN_006954,DEVELOPMENT
SYN_006955,DEVELOPMENT
SYN_006956,DEVELOPMENT
SYN_006957,DEVELOPMENT
SYN_006958,DEVELOPMENT
SYN_006959,HOLDOUT
SYN_006960,HOLDOUT
SYN_006961,DEVELOPMENT
SYN_006962,DEVELOPMENT
SYN_006963,DEVELOPMENT
SYN_006964,HOLDOUT
SYN_006965,DEVELOPMENT
SYN_006966,HOLDOUT
SYN_006967,DEVELOPMENT
SYN_006968,DEVELOPMENT
SYN_006969,DEVELOPMENT
SYN_006970,DEVELOPMENT
SYN_006971,DEVELOPMENT
SYN_006972,HOLDOUT
SYN_006973,HOLDOUT
SYN_006974,HOLDOUT
SYN_006975,HOLDOUT
SYN_006976,DEVELOPMENT
SYN_006977,HOLDOUT
SYN_006978,HOLDOUT
SYN_006979,HOLDOUT
SYN_006980,DEVELOPMENT
SYN_006981,DEVELOPMENT
SYN_006982,HOLDOUT
SYN_006983,DEVELOPMENT
SYN_006984,DEVELOPMENT
SYN_006985,DEVELOPMENT
SYN_006986,DEVELOPMENT
SYN_006987,DEVELOPMENT
SYN_006988,DEVELOPMENT
SYN_006989,HOLDOUT
SYN_006990,DEVELOPMENT
SYN_006991,DEVELOPMENT
SYN_006992,HOLDOUT
SYN_006993,DEVELOPMENT
SYN_006994,DEVELOPMENT
SYN_006995,DEVELOPMENT
SYN_006996,DEVELOPMENT
SYN_006997,DEVELOPMENT
SYN_006998,HOLDOUT
SYN_006999,DEVELOPMENT
SYN_007000,DEVELOPMENT
SYN_007001,DEVELOPMENT
SYN_007002,DEVELOPMENT
SYN_007003,DEVELOPMENT
SYN_007004,DEVELOPMENT
SYN_007005,DEVELOPMENT
SYN_007006,DEVELOPMENT
SYN_007007,DEVELOPMENT
SYN_007008,DEVELOPMENT
SYN_007009,DEVELOPMENT
SYN_007010,DEVELOPMENT
SYN_007011,DEVELOPMENT
SYN_007012,HOLDOUT
SYN_007013,HOLDOUT
SYN_007014,HOLDOUT
SYN_007015,DEVELOPMENT
SYN_007016,HOLDOUT
SYN_007017,DEVELOPMENT
SYN_007018,DEVELOPMENT
SYN_007019,DEVELOPMENT
SYN_007020,DEVELOPMENT
SYN_007021,DEVELOPMENT
SYN_007022,DEVELOPMENT
SYN_007023,DEVELOPMENT
SYN_007024,DEVELOPMENT
SYN_007025,DEVELOPMENT
SYN_007026,DEVELOPMENT
SYN_007027,DEVELOPMENT
SYN_007028,DEVELOPMENT
SYN_007029,DEVELOPMENT
SYN_007030,DEVELOPMENT
SYN_007031,DEVELOPMENT
SYN_007032,DEVELOPMENT
SYN_007033,DEVELOPMENT
SYN_007034,DEVELOPMENT
SYN_007035,HOLDOUT
SYN_007036,DEVELOPMENT
SYN_007037,HOLDOUT
SYN_007038,DEVELOPMENT
SYN_007039,DEVELOPMENT
SYN_007040,DEVELOPMENT
SYN_007041,DEVELOPMENT
SYN_007042,DEVELOPMENT
SYN_007043,DEVELOPMENT
SYN_007044,DEVELOPMENT
SYN_007045,DEVELOPMENT
SYN_007046,DEVELOPMENT
SYN_007047,DEVELOPMENT
SYN_007048,HOLDOUT
SYN_007049,DEVELOPMENT
SYN_007050,DEVELOPMENT
SYN_007051,DEVELOPMENT
SYN_007052,HOLDOUT
SYN_007053,DEVELOPMENT
SYN_007054,DEVELOPMENT
SYN_007055,DEVELOPMENT
SYN_007056,DEVELOPMENT
SYN_007057,DEVELOPMENT
SYN_007058,DEVELOPMENT
SYN_007059,DEVELOPMENT
SYN_007060,DEVELOPMENT
SYN_007061,DEVELOPMENT
SYN_007062,DEVELOPMENT
SYN_007063,DEVELOPMENT
SYN_007064,DEVELOPMENT
SYN_007065,DEVELOPMENT
SYN_007066,HOLDOUT
SYN_007067,DEVELOPMENT
SYN_007068,HOLDOUT
SYN_007069,DEVELOPMENT
SYN_007070,DEVELOPMENT
SYN_007071,DEVELOPMENT
SYN_007072,DEVELOPMENT
SYN_007073,DEVELOPMENT
SYN_007074,DEVELOPMENT
SYN_007075,DEVELOPMENT
SYN_007076,HOLDOUT
SYN_007077,DEVELOPMENT
SYN_007078,DEVELOPMENT
SYN_007079,DEVELOPMENT
SYN_007080,DEVELOPMENT
SYN_007081,DEVELOPMENT
SYN_007082,DEVELOPMENT
SYN_007083,DEVELOPMENT
SYN_007084,DEVELOPMENT
SYN_007085,DEVELOPMENT
SYN_007086,DEVELOPMENT
SYN_007087,DEVELOPMENT
SYN_007088,DEVELOPMENT
SYN_007089,DEVELOPMENT
SYN_007090,DEVELOPMENT
SYN_007091,DEVELOPMENT
SYN_007092,HOLDOUT
SYN_007093,HOLDOUT
SYN_007094,HOLDOUT
SYN_007095,DEVELOPMENT
SYN_007096,DEVELOPMENT
SYN_007097,DEVELOPMENT
SYN_007098,DEVELOPMENT
SYN_007099,DEVELOPMENT
SYN_007100,HOLDOUT
SYN_007101,DEVELOPMENT
SYN_007102,DEVELOPMENT
SYN_007103,DEVELOPMENT
SYN_007104,DEVELOPMENT
SYN_007105,HOLDOUT
SYN_007106,DEVELOPMENT
SYN_007107,DEVELOPMENT
SYN_007108,DEVELOPMENT
SYN_007109,DEVELOPMENT
SYN_007110,DEVELOPMENT
SYN_007111,HOLDOUT
SYN_007112,DEVELOPMENT
SYN_007113,DEVELOPMENT
SYN_007114,HOLDOUT
SYN_007115,DEVELOPMENT
SYN_007116,DEVELOPMENT
SYN_007117,DEVELOPMENT
SYN_007118,DEVELOPMENT
SYN_007119,DEVELOPMENT
SYN_007120,DEVELOPMENT
SYN_007121,DEVELOPMENT
SYN_007122,DEVELOPMENT
SYN_007123,DEVELOPMENT
SYN_007124,DEVELOPMENT
SYN_007125,DEVELOPMENT
SYN_007126,HOLDOUT
SYN_007127,DEVELOPMENT
SYN_007128,DEVELOPMENT
SYN_007129,DEVELOPMENT
SYN_007130,DEVELOPMENT
SYN_007131,DEVELOPMENT
SYN_007132,DEVELOPMENT
SYN_007133,DEVELOPMENT
SYN_007134,DEVELOPMENT
SYN_007135,DEVELOPMENT
SYN_007136,DEVELOPMENT
SYN_007137,DEVELOPMENT
SYN_007138,DEVELOPMENT
SYN_007139,DEVELOPMENT
SYN_007140,DEVELOPMENT
SYN_007141,DEVELOPMENT
SYN_007142,DEVELOPMENT
SYN_007143,DEVELOPMENT
SYN_007144,DEVELOPMENT
SYN_007145,DEVELOPMENT
SYN_007146,DEVELOPMENT
SYN_007147,DEVELOPMENT
SYN_007148,DEVELOPMENT
SYN_007149,DEVELOPMENT
SYN_007150,DEVELOPMENT
SYN_007151,DEVELOPMENT
SYN_007152,DEVELOPMENT
SYN_007153,DEVELOPMENT
SYN_007154,DEVELOPMENT
SYN_007155,DEVELOPMENT
SYN_007156,DEVELOPMENT
SYN_007157,DEVELOPMENT
SYN_007158,DEVELOPMENT
SYN_007159,DEVELOPMENT
SYN_007160,DEVELOPMENT
SYN_007161,DEVELOPMENT
SYN_007162,DEVELOPMENT
SYN_007163,HOLDOUT
SYN_007164,HOLDOUT
SYN_007165,DEVELOPMENT
SYN_007166,DEVELOPMENT
SYN_007167,DEVELOPMENT
SYN_007168,DEVELOPMENT
SYN_007169,DEVELOPMENT
SYN_007170,DEVELOPMENT
SYN_007171,DEVELOPMENT
SYN_007172,HOLDOUT
SYN_007173,DEVELOPMENT
SYN_007174,DEVELOPMENT
SYN_007175,DEVELOPMENT
SYN_007176,DEVELOPMENT
SYN_007177,DEVELOPMENT
SYN_007178,DEVELOPMENT
SYN_007179,DEVELOPMENT
SYN_007180,HOLDOUT
SYN_007181,HOLDOUT
SYN_007182,DEVELOPMENT
SYN_007183,DEVELOPMENT
SYN_007184,DEVELOPMENT
SYN_007185,DEVELOPMENT
SYN_007186,DEVELOPMENT
SYN_007187,DEVELOPMENT
SYN_007188,DEVELOPMENT
SYN_007189,DEVELOPMENT
SYN_007190,DEVELOPMENT
SYN_007191,DEVELOPMENT
SYN_007192,DEVELOPMENT
SYN_007193,DEVELOPMENT
SYN_007194,DEVELOPMENT
SYN_007195,HOLDOUT
SYN_007196,HOLDOUT
SYN_007197,DEVELOPMENT
SYN_007198,DEVELOPMENT
SYN_007199,DEVELOPMENT
SYN_007200,DEVELOPMENT
SYN_007201,DEVELOPMENT
SYN_007202,DEVELOPMENT
SYN_007203,HOLDOUT
SYN_007204,DEVELOPMENT
SYN_007205,DEVELOPMENT
SYN_007206,DEVELOPMENT
SYN_007207,DEVELOPMENT
SYN_007208,HOLDOUT
SYN_007209,DEVELOPMENT
SYN_007210,DEVELOPMENT
SYN_007211,HOLDOUT
SYN_007212,HOLDOUT
SYN_007213,DEVELOPMENT
SYN_007214,DEVELOPMENT
SYN_007215,DEVELOPMENT
SYN_007216,DEVELOPMENT
SYN_007217,DEVELOPMENT
SYN_007218,DEVELOPMENT
SYN_007219,HOLDOUT
SYN_007220,DEVELOPMENT
SYN_007221,HOLDOUT
SYN_007222,DEVELOPMENT
SYN_007223,DEVELOPMENT
SYN_007224,DEVELOPMENT
SYN_007225,DEVELOPMENT
SYN_007226,HOLDOUT
SYN_007227,HOLDOUT
SYN_007228,DEVELOPMENT
SYN_007229,DEVELOPMENT
SYN_007230,DEVELOPMENT
SYN_007231,DEVELOPMENT
SYN_007232,DEVELOPMENT
SYN_007233,HOLDOUT
SYN_007234,DEVELOPMENT
SYN_007235,DEVELOPMENT
SYN_007236,HOLDOUT
SYN_007237,DEVELOPMENT
SYN_007238,HOLDOUT
SYN_007239,HOLDOUT
SYN_007240,DEVELOPMENT
SYN_007241,DEVELOPMENT
SYN_007242,HOLDOUT
SYN_007243,HOLDOUT
SYN_007244,DEVELOPMENT
SYN_007245,DEVELOPMENT
SYN_007246,DEVELOPMENT
SYN_007247,DEVELOPMENT
SYN_007248,HOLDOUT
SYN_007249,DEVELOPMENT
SYN_007250,HOLDOUT
SYN_007251,DEVELOPMENT
SYN_007252,DEVELOPMENT
SYN_007253,HOLDOUT
SYN_007254,DEVELOPMENT
SYN_007255,DEVELOPMENT
SYN_007256,DEVELOPMENT
SYN_007257,DEVELOPMENT
SYN_007258,DEVELOPMENT
SYN_007259,DEVELOPMENT
SYN_007260,DEVELOPMENT
SYN_007261,HOLDOUT
SYN_007262,HOLDOUT
SYN_007263,DEVELOPMENT
SYN_007264,HOLDOUT
SYN_007265,DEVELOPMENT
SYN_007266,DEVELOPMENT
SYN_007267,HOLDOUT
SYN_007268,DEVELOPMENT
SYN_007269,DEVELOPMENT
SYN_007270,DEVELOPMENT
SYN_007271,DEVELOPMENT
SYN_007272,HOLDOUT
SYN_007273,DEVELOPMENT
SYN_007274,DEVELOPMENT
SYN_007275,HOLDOUT
SYN_007276,DEVELOPMENT
SYN_007277,DEVELOPMENT
SYN_007278,DEVELOPMENT
SYN_007279,DEVELOPMENT
SYN_007280,DEVELOPMENT
SYN_007281,DEVELOPMENT
SYN_007282,HOLDOUT
SYN_007283,DEVELOPMENT
SYN_007284,DEVELOPMENT
SYN_007285,DEVELOPMENT
SYN_007286,DEVELOPMENT
SYN_007287,DEVELOPMENT
SYN_007288,DEVELOPMENT
SYN_007289,HOLDOUT
SYN_007290,DEVELOPMENT
SYN_007291,DEVELOPMENT
SYN_007292,DEVELOPMENT
SYN_007293,DEVELOPMENT
SYN_007294,DEVELOPMENT
SYN_007295,DEVELOPMENT
SYN_007296,DEVELOPMENT
SYN_007297,DEVELOPMENT
SYN_007298,DEVELOPMENT
SYN_007299,HOLDOUT
SYN_007300,DEVELOPMENT
SYN_007301,DEVELOPMENT
SYN_007302,DEVELOPMENT
SYN_007303,DEVELOPMENT
SYN_007304,DEVELOPMENT
SYN_007305,DEVELOPMENT
SYN_007306,DEVELOPMENT
SYN_007307,DEVELOPMENT
SYN_007308,DEVELOPMENT
SYN_007309,DEVELOPMENT
SYN_007310,DEVELOPMENT
SYN_007311,DEVELOPMENT
SYN_007312,DEVELOPMENT
SYN_007313,DEVELOPMENT
SYN_007314,DEVELOPMENT
SYN_007315,DEVELOPMENT
SYN_007316,HOLDOUT
SYN_007317,HOLDOUT
SYN_007318,DEVELOPMENT
SYN_007319,HOLDOUT
SYN_007320,DEVELOPMENT
SYN_007321,DEVELOPMENT
SYN_007322,HOLDOUT
SYN_007323,DEVELOPMENT
SYN_007324,HOLDOUT
SYN_007325,DEVELOPMENT
SYN_007326,DEVELOPMENT
SYN_007327,DEVELOPMENT
SYN_007328,HOLDOUT
SYN_007329,DEVELOPMENT
SYN_007330,DEVELOPMENT
SYN_007331,DEVELOPMENT
SYN_007332,DEVELOPMENT
SYN_007333,DEVELOPMENT
SYN_007334,DEVELOPMENT
SYN_007335,HOLDOUT
SYN_007336,DEVELOPMENT
SYN_007337,DEVELOPMENT
SYN_007338,DEVELOPMENT
SYN_007339,HOLDOUT
SYN_007340,DEVELOPMENT
SYN_007341,HOLDOUT
SYN_007342,DEVELOPMENT
SYN_007343,DEVELOPMENT
SYN_007344,DEVELOPMENT
SYN_007345,DEVELOPMENT
SYN_007346,DEVELOPMENT
SYN_007347,DEVELOPMENT
SYN_007348,DEVELOPMENT
SYN_007349,HOLDOUT
SYN_007350,DEVELOPMENT
SYN_007351,HOLDOUT
SYN_007352,DEVELOPMENT
SYN_007353,DEVELOPMENT
SYN_007354,HOLDOUT
SYN_007355,DEVELOPMENT
SYN_007356,DEVELOPMENT
SYN_007357,DEVELOPMENT
SYN_007358,DEVELOPMENT
SYN_007359,HOLDOUT
SYN_007360,DEVELOPMENT
SYN_007361,HOLDOUT
SYN_007362,DEVELOPMENT
SYN_007363,HOLDOUT
SYN_007364,HOLDOUT
SYN_007365,DEVELOPMENT
SYN_007366,DEVELOPMENT
SYN_007367,HOLDOUT
SYN_007368,DEVELOPMENT
SYN_007369,HOLDOUT
SYN_007370,DEVELOPMENT
SYN_007371,HOLDOUT
SYN_007372,DEVELOPMENT
SYN_007373,DEVELOPMENT
SYN_007374,DEVELOPMENT
SYN_007375,DEVELOPMENT
SYN_007376,DEVELOPMENT
SYN_007377,DEVELOPMENT
SYN_007378,DEVELOPMENT
SYN_007379,DEVELOPMENT
SYN_007380,DEVELOPMENT
SYN_007381,DEVELOPMENT
SYN_007382,HOLDOUT
SYN_007383,DEVELOPMENT
SYN_007384,DEVELOPMENT
SYN_007385,DEVELOPMENT
SYN_007386,HOLDOUT
SYN_007387,DEVELOPMENT
SYN_007388,DEVELOPMENT
SYN_007389,HOLDOUT
SYN_007390,HOLDOUT
SYN_007391,DEVELOPMENT
SYN_007392,DEVELOPMENT
SYN_007393,DEVELOPMENT
SYN_007394,HOLDOUT
SYN_007395,DEVELOPMENT
SYN_007396,DEVELOPMENT
SYN_007397,DEVELOPMENT
SYN_007398,DEVELOPMENT
SYN_007399,DEVELOPMENT
SYN_007400,DEVELOPMENT
SYN_007401,DEVELOPMENT
SYN_007402,DEVELOPMENT
SYN_007403,HOLDOUT
SYN_007404,DEVELOPMENT
SYN_007405,HOLDOUT
SYN_007406,DEVELOPMENT
SYN_007407,DEVELOPMENT
SYN_007408,DEVELOPMENT
SYN_007409,DEVELOPMENT
SYN_007410,DEVELOPMENT
SYN_007411,HOLDOUT
SYN_007412,DEVELOPMENT
SYN_007413,HOLDOUT
SYN_007414,HOLDOUT
SYN_007415,DEVELOPMENT
SYN_007416,HOLDOUT
SYN_007417,HOLDOUT
SYN_007418,DEVELOPMENT
SYN_007419,DEVELOPMENT
SYN_007420,DEVELOPMENT
SYN_007421,HOLDOUT
SYN_007422,HOLDOUT
SYN_007423,DEVELOPMENT
SYN_007424,DEVELOPMENT
SYN_007425,DEVELOPMENT
SYN_007426,HOLDOUT
SYN_007427,DEVELOPMENT
SYN_007428,DEVELOPMENT
SYN_007429,DEVELOPMENT
SYN_007430,DEVELOPMENT
SYN_007431,DEVELOPMENT
SYN_007432,DEVELOPMENT
SYN_007433,DEVELOPMENT
SYN_007434,HOLDOUT
SYN_007435,HOLDOUT
SYN_007436,DEVELOPMENT
SYN_007437,DEVELOPMENT
SYN_007438,DEVELOPMENT
SYN_007439,DEVELOPMENT
SYN_007440,DEVELOPMENT
SYN_007441,DEVELOPMENT
SYN_007442,DEVELOPMENT
SYN_007443,DEVELOPMENT
SYN_007444,HOLDOUT
SYN_007445,DEVELOPMENT
SYN_007446,DEVELOPMENT
SYN_007447,HOLDOUT
SYN_007448,HOLDOUT
SYN_007449,HOLDOUT
SYN_007450,HOLDOUT
SYN_007451,DEVELOPMENT
SYN_007452,DEVELOPMENT
SYN_007453,DEVELOPMENT
SYN_007454,HOLDOUT
SYN_007455,DEVELOPMENT
SYN_007456,DEVELOPMENT
SYN_007457,DEVELOPMENT
SYN_007458,DEVELOPMENT
SYN_007459,DEVELOPMENT
SYN_007460,DEVELOPMENT
SYN_007461,DEVELOPMENT
SYN_007462,DEVELOPMENT
SYN_007463,DEVELOPMENT
SYN_007464,DEVELOPMENT
SYN_007465,DEVELOPMENT
SYN_007466,DEVELOPMENT
SYN_007467,HOLDOUT
SYN_007468,HOLDOUT
SYN_007469,DEVELOPMENT
SYN_007470,DEVELOPMENT
SYN_007471,DEVELOPMENT
SYN_007472,HOLDOUT
SYN_007473,HOLDOUT
SYN_007474,DEVELOPMENT
SYN_007475,DEVELOPMENT
SYN_007476,DEVELOPMENT
SYN_007477,DEVELOPMENT
SYN_007478,DEVELOPMENT
SYN_007479,HOLDOUT
SYN_007480,DEVELOPMENT
SYN_007481,DEVELOPMENT
SYN_007482,DEVELOPMENT
SYN_007483,HOLDOUT
SYN_007484,DEVELOPMENT
SYN_007485,HOLDOUT
SYN_007486,DEVELOPMENT
SYN_007487,DEVELOPMENT
SYN_007488,DEVELOPMENT
SYN_007489,DEVELOPMENT
SYN_007490,DEVELOPMENT
SYN_007491,DEVELOPMENT
SYN_007492,DEVELOPMENT
SYN_007493,DEVELOPMENT
SYN_007494,DEVELOPMENT
SYN_007495,HOLDOUT
SYN_007496,DEVELOPMENT
SYN_007497,DEVELOPMENT
SYN_007498,DEVELOPMENT
SYN_007499,DEVELOPMENT
SYN_007500,DEVELOPMENT
SYN_007501,HOLDOUT
SYN_007502,HOLDOUT
SYN_007503,DEVELOPMENT
SYN_007504,DEVELOPMENT
SYN_007505,DEVELOPMENT
SYN_007506,HOLDOUT
SYN_007507,HOLDOUT
SYN_007508,DEVELOPMENT
SYN_007509,DEVELOPMENT
SYN_007510,DEVELOPMENT
SYN_007511,DEVELOPMENT
SYN_007512,DEVELOPMENT
SYN_007513,DEVELOPMENT
SYN_007514,HOLDOUT
SYN_007515,DEVELOPMENT
SYN_007516,DEVELOPMENT
SYN_007517,DEVELOPMENT
SYN_007518,HOLDOUT
SYN_007519,HOLDOUT
SYN_007520,DEVELOPMENT
SYN_007521,DEVELOPMENT
SYN_007522,DEVELOPMENT
SYN_007523,DEVELOPMENT
SYN_007524,DEVELOPMENT
SYN_007525,HOLDOUT
SYN_007526,DEVELOPMENT
SYN_007527,DEVELOPMENT
SYN_007528,DEVELOPMENT
SYN_007529,DEVELOPMENT
SYN_007530,DEVELOPMENT
SYN_007531,DEVELOPMENT
SYN_007532,HOLDOUT
SYN_007533,DEVELOPMENT
SYN_007534,DEVELOPMENT
SYN_007535,HOLDOUT
SYN_007536,DEVELOPMENT
SYN_007537,DEVELOPMENT
SYN_007538,DEVELOPMENT
SYN_007539,DEVELOPMENT
SYN_007540,DEVELOPMENT
SYN_007541,DEVELOPMENT
SYN_007542,DEVELOPMENT
SYN_007543,DEVELOPMENT
SYN_007544,DEVELOPMENT
SYN_007545,DEVELOPMENT
SYN_007546,DEVELOPMENT
SYN_007547,DEVELOPMENT
SYN_007548,DEVELOPMENT
SYN_007549,HOLDOUT
SYN_007550,HOLDOUT
SYN_007551,DEVELOPMENT
SYN_007552,DEVELOPMENT
SYN_007553,DEVELOPMENT
SYN_007554,DEVELOPMENT
SYN_007555,DEVELOPMENT
SYN_007556,DEVELOPMENT
SYN_007557,HOLDOUT
SYN_007558,DEVELOPMENT
SYN_007559,HOLDOUT
SYN_007560,DEVELOPMENT
SYN_007561,DEVELOPMENT
SYN_007562,DEVELOPMENT
SYN_007563,DEVELOPMENT
SYN_007564,DEVELOPMENT
SYN_007565,DEVELOPMENT
SYN_007566,HOLDOUT
SYN_007567,DEVELOPMENT
SYN_007568,HOLDOUT
SYN_007569,DEVELOPMENT
SYN_007570,DEVELOPMENT
SYN_007571,HOLDOUT
SYN_007572,DEVELOPMENT
SYN_007573,DEVELOPMENT
SYN_007574,HOLDOUT
SYN_007575,DEVELOPMENT
SYN_007576,DEVELOPMENT
SYN_007577,DEVELOPMENT
SYN_007578,HOLDOUT
SYN_007579,DEVELOPMENT
SYN_007580,DEVELOPMENT
SYN_007581,HOLDOUT
SYN_007582,HOLDOUT
SYN_007583,DEVELOPMENT
SYN_007584,DEVELOPMENT
SYN_007585,DEVELOPMENT
SYN_007586,DEVELOPMENT
SYN_007587,DEVELOPMENT
SYN_007588,DEVELOPMENT
SYN_007589,DEVELOPMENT
SYN_007590,HOLDOUT
SYN_007591,DEVELOPMENT
SYN_007592,HOLDOUT
SYN_007593,HOLDOUT
SYN_007594,DEVELOPMENT
SYN_007595,DEVELOPMENT
SYN_007596,DEVELOPMENT
SYN_007597,HOLDOUT
SYN_007598,DEVELOPMENT
SYN_007599,HOLDOUT
SYN_007600,DEVELOPMENT
SYN_007601,DEVELOPMENT
SYN_007602,HOLDOUT
SYN_007603,DEVELOPMENT
SYN_007604,DEVELOPMENT
SYN_007605,DEVELOPMENT
SYN_007606,DEVELOPMENT
SYN_007607,DEVELOPMENT
SYN_007608,DEVELOPMENT
SYN_007609,DEVELOPMENT
SYN_007610,DEVELOPMENT
SYN_007611,HOLDOUT
SYN_007612,DEVELOPMENT
SYN_007613,DEVELOPMENT
SYN_007614,DEVELOPMENT
SYN_007615,DEVELOPMENT
SYN_007616,HOLDOUT
SYN_007617,DEVELOPMENT
SYN_007618,DEVELOPMENT
SYN_007619,HOLDOUT
SYN_007620,DEVELOPMENT
SYN_007621,DEVELOPMENT
SYN_007622,HOLDOUT
SYN_007623,DEVELOPMENT
SYN_007624,DEVELOPMENT
SYN_007625,DEVELOPMENT
SYN_007626,DEVELOPMENT
SYN_007627,DEVELOPMENT
SYN_007628,DEVELOPMENT
SYN_007629,DEVELOPMENT
SYN_007630,DEVELOPMENT
SYN_007631,DEVELOPMENT
SYN_007632,DEVELOPMENT
SYN_007633,DEVELOPMENT
SYN_007634,DEVELOPMENT
SYN_007635,HOLDOUT
SYN_007636,DEVELOPMENT
SYN_007637,DEVELOPMENT
SYN_007638,DEVELOPMENT
SYN_007639,DEVELOPMENT
SYN_007640,DEVELOPMENT
SYN_007641,DEVELOPMENT
SYN_007642,HOLDOUT
SYN_007643,HOLDOUT
SYN_007644,DEVELOPMENT
SYN_007645,HOLDOUT
SYN_007646,HOLDOUT
SYN_007647,DEVELOPMENT
SYN_007648,DEVELOPMENT
SYN_007649,DEVELOPMENT
SYN_007650,DEVELOPMENT
SYN_007651,DEVELOPMENT
SYN_007652,DEVELOPMENT
SYN_007653,DEVELOPMENT
SYN_007654,DEVELOPMENT
SYN_007655,HOLDOUT
SYN_007656,DEVELOPMENT
SYN_007657,HOLDOUT
SYN_007658,DEVELOPMENT
SYN_007659,HOLDOUT
SYN_007660,DEVELOPMENT
SYN_007661,DEVELOPMENT
SYN_007662,DEVELOPMENT
SYN_007663,DEVELOPMENT
SYN_007664,DEVELOPMENT
SYN_007665,DEVELOPMENT
SYN_007666,DEVELOPMENT
SYN_007667,HOLDOUT
SYN_007668,DEVELOPMENT
SYN_007669,DEVELOPMENT
SYN_007670,DEVELOPMENT
SYN_007671,HOLDOUT
SYN_007672,DEVELOPMENT
SYN_007673,DEVELOPMENT
SYN_007674,HOLDOUT
SYN_007675,DEVELOPMENT
SYN_007676,DEVELOPMENT
SYN_007677,HOLDOUT
SYN_007678,HOLDOUT
SYN_007679,DEVELOPMENT
SYN_007680,DEVELOPMENT
SYN_007681,HOLDOUT
SYN_007682,DEVELOPMENT
SYN_007683,HOLDOUT
SYN_007684,DEVELOPMENT
SYN_007685,DEVELOPMENT
SYN_007686,DEVELOPMENT
SYN_007687,DEVELOPMENT
SYN_007688,DEVELOPMENT
SYN_007689,DEVELOPMENT
SYN_007690,DEVELOPMENT
SYN_007691,HOLDOUT
SYN_007692,DEVELOPMENT
SYN_007693,HOLDOUT
SYN_007694,HOLDOUT
SYN_007695,DEVELOPMENT
SYN_007696,DEVELOPMENT
SYN_007697,DEVELOPMENT
SYN_007698,HOLDOUT
SYN_007699,DEVELOPMENT
SYN_007700,DEVELOPMENT
SYN_007701,DEVELOPMENT
SYN_007702,HOLDOUT
SYN_007703,DEVELOPMENT
SYN_007704,DEVELOPMENT
SYN_007705,DEVELOPMENT
SYN_007706,HOLDOUT
SYN_007707,HOLDOUT
SYN_007708,HOLDOUT
SYN_007709,DEVELOPMENT
SYN_007710,DEVELOPMENT
SYN_007711,HOLDOUT
SYN_007712,HOLDOUT
SYN_007713,HOLDOUT
SYN_007714,DEVELOPMENT
SYN_007715,DEVELOPMENT
SYN_007716,HOLDOUT
SYN_007717,DEVELOPMENT
SYN_007718,DEVELOPMENT
SYN_007719,DEVELOPMENT
SYN_007720,DEVELOPMENT
SYN_007721,DEVELOPMENT
SYN_007722,DEVELOPMENT
SYN_007723,DEVELOPMENT
SYN_007724,DEVELOPMENT
SYN_007725,DEVELOPMENT
SYN_007726,DEVELOPMENT
SYN_007727,DEVELOPMENT
SYN_007728,DEVELOPMENT
SYN_007729,DEVELOPMENT
SYN_007730,DEVELOPMENT
SYN_007731,DEVELOPMENT
SYN_007732,DEVELOPMENT
SYN_007733,DEVELOPMENT
SYN_007734,DEVELOPMENT
SYN_007735,DEVELOPMENT
SYN_007736,HOLDOUT
SYN_007737,DEVELOPMENT
SYN_007738,DEVELOPMENT
SYN_007739,DEVELOPMENT
SYN_007740,DEVELOPMENT
SYN_007741,DEVELOPMENT
SYN_007742,HOLDOUT
SYN_007743,DEVELOPMENT
SYN_007744,DEVELOPMENT
SYN_007745,DEVELOPMENT
SYN_007746,DEVELOPMENT
SYN_007747,DEVELOPMENT
SYN_007748,DEVELOPMENT
SYN_007749,DEVELOPMENT
SYN_007750,DEVELOPMENT
SYN_007751,HOLDOUT
SYN_007752,DEVELOPMENT
SYN_007753,DEVELOPMENT
SYN_007754,DEVELOPMENT
SYN_007755,DEVELOPMENT
SYN_007756,DEVELOPMENT
SYN_007757,HOLDOUT
SYN_007758,HOLDOUT
SYN_007759,HOLDOUT
SYN_007760,HOLDOUT
SYN_007761,DEVELOPMENT
SYN_007762,DEVELOPMENT
SYN_007763,HOLDOUT
SYN_007764,DEVELOPMENT
SYN_007765,DEVELOPMENT
SYN_007766,DEVELOPMENT
SYN_007767,DEVELOPMENT
SYN_007768,DEVELOPMENT
SYN_007769,DEVELOPMENT
SYN_007770,DEVELOPMENT
SYN_007771,HOLDOUT
SYN_007772,DEVELOPMENT
SYN_007773,DEVELOPMENT
SYN_007774,DEVELOPMENT
SYN_007775,HOLDOUT
SYN_007776,DEVELOPMENT
SYN_007777,DEVELOPMENT
SYN_007778,HOLDOUT
SYN_007779,DEVELOPMENT
SYN_007780,DEVELOPMENT
SYN_007781,DEVELOPMENT
SYN_007782,DEVELOPMENT
SYN_007783,DEVELOPMENT
SYN_007784,DEVELOPMENT
SYN_007785,HOLDOUT
SYN_007786,HOLDOUT
SYN_007787,DEVELOPMENT
SYN_007788,DEVELOPMENT
SYN_007789,DEVELOPMENT
SYN_007790,DEVELOPMENT
SYN_007791,DEVELOPMENT
SYN_007792,DEVELOPMENT
SYN_007793,HOLDOUT
SYN_007794,DEVELOPMENT
SYN_007795,DEVELOPMENT
SYN_007796,DEVELOPMENT
SYN_007797,DEVELOPMENT
SYN_007798,DEVELOPMENT
SYN_007799,DEVELOPMENT
SYN_007800,DEVELOPMENT
SYN_007801,DEVELOPMENT
SYN_007802,HOLDOUT
SYN_007803,DEVELOPMENT
SYN_007804,DEVELOPMENT
SYN_007805,DEVELOPMENT
SYN_007806,HOLDOUT
SYN_007807,HOLDOUT
SYN_007808,DEVELOPMENT
SYN_007809,DEVELOPMENT
SYN_007810,DEVELOPMENT
SYN_007811,HOLDOUT
SYN_007812,DEVELOPMENT
SYN_007813,DEVELOPMENT
SYN_007814,DEVELOPMENT
SYN_007815,DEVELOPMENT
SYN_007816,DEVELOPMENT
SYN_007817,DEVELOPMENT
SYN_007818,HOLDOUT
SYN_007819,DEVELOPMENT
SYN_007820,DEVELOPMENT
SYN_007821,DEVELOPMENT
SYN_007822,DEVELOPMENT
SYN_007823,HOLDOUT
SYN_007824,HOLDOUT
SYN_007825,DEVELOPMENT
SYN_007826,DEVELOPMENT
SYN_007827,DEVELOPMENT
SYN_007828,DEVELOPMENT
SYN_007829,DEVELOPMENT
SYN_007830,DEVELOPMENT
SYN_007831,DEVELOPMENT
SYN_007832,DEVELOPMENT
SYN_007833,DEVELOPMENT
SYN_007834,DEVELOPMENT
SYN_007835,DEVELOPMENT
SYN_007836,DEVELOPMENT
SYN_007837,DEVELOPMENT
SYN_007838,DEVELOPMENT
SYN_007839,DEVELOPMENT
SYN_007840,DEVELOPMENT
SYN_007841,DEVELOPMENT
SYN_007842,HOLDOUT
SYN_007843,DEVELOPMENT
SYN_007844,DEVELOPMENT
SYN_007845,HOLDOUT
SYN_007846,DEVELOPMENT
SYN_007847,DEVELOPMENT
SYN_007848,DEVELOPMENT
SYN_007849,DEVELOPMENT
SYN_007850,DEVELOPMENT
SYN_007851,DEVELOPMENT
SYN_007852,DEVELOPMENT
SYN_007853,DEVELOPMENT
SYN_007854,DEVELOPMENT
SYN_007855,DEVELOPMENT
SYN_007856,DEVELOPMENT
SYN_007857,DEVELOPMENT
SYN_007858,DEVELOPMENT
SYN_007859,DEVELOPMENT
SYN_007860,DEVELOPMENT
SYN_007861,DEVELOPMENT
SYN_007862,DEVELOPMENT
SYN_007863,HOLDOUT
SYN_007864,DEVELOPMENT
SYN_007865,DEVELOPMENT
SYN_007866,DEVELOPMENT
SYN_007867,DEVELOPMENT
SYN_007868,DEVELOPMENT
SYN_007869,DEVELOPMENT
SYN_007870,DEVELOPMENT
SYN_007871,DEVELOPMENT
SYN_007872,DEVELOPMENT
SYN_007873,DEVELOPMENT
SYN_007874,HOLDOUT
SYN_007875,DEVELOPMENT
SYN_007876,DEVELOPMENT
SYN_007877,DEVELOPMENT
SYN_007878,DEVELOPMENT
SYN_007879,DEVELOPMENT
SYN_007880,DEVELOPMENT
SYN_007881,DEVELOPMENT
SYN_007882,DEVELOPMENT
SYN_007883,HOLDOUT
SYN_007884,DEVELOPMENT
SYN_007885,DEVELOPMENT
SYN_007886,DEVELOPMENT
SYN_007887,DEVELOPMENT
SYN_007888,DEVELOPMENT
SYN_007889,DEVELOPMENT
SYN_007890,DEVELOPMENT
SYN_007891,DEVELOPMENT
SYN_007892,DEVELOPMENT
SYN_007893,DEVELOPMENT
SYN_007894,DEVELOPMENT
SYN_007895,DEVELOPMENT
SYN_007896,DEVELOPMENT
SYN_007897,HOLDOUT
SYN_007898,DEVELOPMENT
SYN_007899,HOLDOUT
SYN_007900,HOLDOUT
SYN_007901,HOLDOUT
SYN_007902,DEVELOPMENT
SYN_007903,DEVELOPMENT
SYN_007904,DEVELOPMENT
SYN_007905,DEVELOPMENT
SYN_007906,DEVELOPMENT
SYN_007907,DEVELOPMENT
SYN_007908,DEVELOPMENT
SYN_007909,HOLDOUT
SYN_007910,DEVELOPMENT
SYN_007911,HOLDOUT
SYN_007912,DEVELOPMENT
SYN_007913,DEVELOPMENT
SYN_007914,DEVELOPMENT
SYN_007915,DEVELOPMENT
SYN_007916,DEVELOPMENT
SYN_007917,HOLDOUT
SYN_007918,DEVELOPMENT
SYN_007919,HOLDOUT
SYN_007920,DEVELOPMENT
SYN_007921,DEVELOPMENT
SYN_007922,HOLDOUT
SYN_007923,DEVELOPMENT
SYN_007924,DEVELOPMENT
SYN_007925,HOLDOUT
SYN_007926,HOLDOUT
SYN_007927,DEVELOPMENT
SYN_007928,HOLDOUT
SYN_007929,DEVELOPMENT
SYN_007930,DEVELOPMENT
SYN_007931,DEVELOPMENT
SYN_007932,DEVELOPMENT
SYN_007933,DEVELOPMENT
SYN_007934,DEVELOPMENT
SYN_007935,DEVELOPMENT
SYN_007936,DEVELOPMENT
SYN_007937,HOLDOUT
SYN_007938,DEVELOPMENT
SYN_007939,DEVELOPMENT
SYN_007940,DEVELOPMENT
SYN_007941,DEVELOPMENT
SYN_007942,DEVELOPMENT
SYN_007943,HOLDOUT
SYN_007944,DEVELOPMENT
SYN_007945,DEVELOPMENT
SYN_007946,DEVELOPMENT
SYN_007947,DEVELOPMENT
SYN_007948,DEVELOPMENT
SYN_007949,DEVELOPMENT
SYN_007950,DEVELOPMENT
SYN_007951,HOLDOUT
SYN_007952,DEVELOPMENT
SYN_007953,DEVELOPMENT
SYN_007954,DEVELOPMENT
SYN_007955,DEVELOPMENT
SYN_007956,DEVELOPMENT
SYN_007957,DEVELOPMENT
SYN_007958,DEVELOPMENT
SYN_007959,DEVELOPMENT
SYN_007960,DEVELOPMENT
SYN_007961,DEVELOPMENT
SYN_007962,DEVELOPMENT
SYN_007963,DEVELOPMENT
SYN_007964,DEVELOPMENT
SYN_007965,DEVELOPMENT
SYN_007966,DEVELOPMENT
SYN_007967,DEVELOPMENT
SYN_007968,DEVELOPMENT
SYN_007969,DEVELOPMENT
SYN_007970,DEVELOPMENT
SYN_007971,DEVELOPMENT
SYN_007972,DEVELOPMENT
SYN_007973,DEVELOPMENT
SYN_007974,DEVELOPMENT
SYN_007975,DEVELOPMENT
SYN_007976,DEVELOPMENT
SYN_007977,DEVELOPMENT
SYN_007978,DEVELOPMENT
SYN_007979,DEVELOPMENT
SYN_007980,DEVELOPMENT
SYN_007981,HOLDOUT
SYN_007982,DEVELOPMENT
SYN_007983,DEVELOPMENT
SYN_007984,DEVELOPMENT
SYN_007985,HOLDOUT
SYN_007986,DEVELOPMENT
SYN_007987,HOLDOUT
SYN_007988,DEVELOPMENT
SYN_007989,DEVELOPMENT
SYN_007990,DEVELOPMENT
SYN_007991,DEVELOPMENT
SYN_007992,DEVELOPMENT
SYN_007993,DEVELOPMENT
SYN_007994,DEVELOPMENT
SYN_007995,DEVELOPMENT
SYN_007996,DEVELOPMENT
SYN_007997,DEVELOPMENT
SYN_007998,HOLDOUT
SYN_007999,DEVELOPMENT
SYN_008000,DEVELOPMENT
SYN_008001,DEVELOPMENT
SYN_008002,DEVELOPMENT
SYN_008003,HOLDOUT
SYN_008004,DEVELOPMENT
SYN_008005,DEVELOPMENT
SYN_008006,HOLDOUT
SYN_008007,DEVELOPMENT
SYN_008008,DEVELOPMENT
SYN_008009,DEVELOPMENT
SYN_008010,HOLDOUT
SYN_008011,DEVELOPMENT
SYN_008012,DEVELOPMENT
SYN_008013,DEVELOPMENT
SYN_008014,HOLDOUT
SYN_008015,DEVELOPMENT
SYN_008016,DEVELOPMENT
SYN_008017,DEVELOPMENT
SYN_008018,DEVELOPMENT
SYN_008019,DEVELOPMENT
SYN_008020,DEVELOPMENT
SYN_008021,HOLDOUT
SYN_008022,DEVELOPMENT
SYN_008023,DEVELOPMENT
SYN_008024,DEVELOPMENT
SYN_008025,DEVELOPMENT
SYN_008026,DEVELOPMENT
SYN_008027,DEVELOPMENT
SYN_008028,DEVELOPMENT
SYN_008029,DEVELOPMENT
SYN_008030,DEVELOPMENT
SYN_008031,HOLDOUT
SYN_008032,DEVELOPMENT
SYN_008033,DEVELOPMENT
SYN_008034,HOLDOUT
SYN_008035,DEVELOPMENT
SYN_008036,DEVELOPMENT
SYN_008037,DEVELOPMENT
SYN_008038,HOLDOUT
SYN_008039,HOLDOUT
SYN_008040,HOLDOUT
SYN_008041,DEVELOPMENT
SYN_008042,DEVELOPMENT
SYN_008043,HOLDOUT
SYN_008044,DEVELOPMENT
SYN_008045,DEVELOPMENT
SYN_008046,HOLDOUT
SYN_008047,DEVELOPMENT
SYN_008048,DEVELOPMENT
SYN_008049,HOLDOUT
SYN_008050,DEVELOPMENT
SYN_008051,DEVELOPMENT
SYN_008052,DEVELOPMENT
SYN_008053,DEVELOPMENT
SYN_008054,HOLDOUT
SYN_008055,DEVELOPMENT
SYN_008056,DEVELOPMENT
SYN_008057,HOLDOUT
SYN_008058,HOLDOUT
SYN_008059,HOLDOUT
SYN_008060,DEVELOPMENT
SYN_008061,DEVELOPMENT
SYN_008062,DEVELOPMENT
SYN_008063,HOLDOUT
SYN_008064,DEVELOPMENT
SYN_008065,HOLDOUT
SYN_008066,DEVELOPMENT
SYN_008067,DEVELOPMENT
SYN_008068,DEVELOPMENT
SYN_008069,HOLDOUT
SYN_008070,DEVELOPMENT
SYN_008071,HOLDOUT
SYN_008072,DEVELOPMENT
SYN_008073,DEVELOPMENT
SYN_008074,DEVELOPMENT
SYN_008075,HOLDOUT
SYN_008076,DEVELOPMENT
SYN_008077,DEVELOPMENT
SYN_008078,DEVELOPMENT
SYN_008079,DEVELOPMENT
SYN_008080,DEVELOPMENT
SYN_008081,DEVELOPMENT
SYN_008082,DEVELOPMENT
SYN_008083,DEVELOPMENT
SYN_008084,DEVELOPMENT
SYN_008085,DEVELOPMENT
SYN_008086,DEVELOPMENT
SYN_008087,DEVELOPMENT
SYN_008088,DEVELOPMENT
SYN_008089,DEVELOPMENT
SYN_008090,HOLDOUT
SYN_008091,DEVELOPMENT
SYN_008092,DEVELOPMENT
SYN_008093,HOLDOUT
SYN_008094,DEVELOPMENT
SYN_008095,DEVELOPMENT
SYN_008096,DEVELOPMENT
SYN_008097,DEVELOPMENT
SYN_008098,DEVELOPMENT
SYN_008099,DEVELOPMENT
SYN_008100,DEVELOPMENT
SYN_008101,DEVELOPMENT
SYN_008102,DEVELOPMENT
SYN_008103,DEVELOPMENT
SYN_008104,DEVELOPMENT
SYN_008105,DEVELOPMENT
SYN_008106,DEVELOPMENT
SYN_008107,DEVELOPMENT
SYN_008108,DEVELOPMENT
SYN_008109,DEVELOPMENT
SYN_008110,DEVELOPMENT
SYN_008111,DEVELOPMENT
SYN_008112,DEVELOPMENT
SYN_008113,DEVELOPMENT
SYN_008114,DEVELOPMENT
SYN_008115,DEVELOPMENT
SYN_008116,HOLDOUT
SYN_008117,DEVELOPMENT
SYN_008118,DEVELOPMENT
SYN_008119,DEVELOPMENT
SYN_008120,HOLDOUT
SYN_008121,DEVELOPMENT
SYN_008122,DEVELOPMENT
SYN_008123,DEVELOPMENT
SYN_008124,HOLDOUT
SYN_008125,DEVELOPMENT
SYN_008126,HOLDOUT
SYN_008127,DEVELOPMENT
SYN_008128,DEVELOPMENT
SYN_008129,DEVELOPMENT
SYN_008130,DEVELOPMENT
SYN_008131,DEVELOPMENT
SYN_008132,DEVELOPMENT
SYN_008133,DEVELOPMENT
SYN_008134,HOLDOUT
SYN_008135,DEVELOPMENT
SYN_008136,DEVELOPMENT
SYN_008137,HOLDOUT
SYN_008138,DEVELOPMENT
SYN_008139,DEVELOPMENT
SYN_008140,DEVELOPMENT
SYN_008141,DEVELOPMENT
SYN_008142,DEVELOPMENT
SYN_008143,DEVELOPMENT
SYN_008144,HOLDOUT
SYN_008145,DEVELOPMENT
SYN_008146,DEVELOPMENT
SYN_008147,DEVELOPMENT
SYN_008148,HOLDOUT
SYN_008149,DEVELOPMENT
SYN_008150,DEVELOPMENT
SYN_008151,DEVELOPMENT
SYN_008152,DEVELOPMENT
SYN_008153,DEVELOPMENT
SYN_008154,DEVELOPMENT
SYN_008155,HOLDOUT
SYN_008156,DEVELOPMENT
SYN_008157,HOLDOUT
SYN_008158,DEVELOPMENT
SYN_008159,DEVELOPMENT
SYN_008160,DEVELOPMENT
SYN_008161,DEVELOPMENT
SYN_008162,DEVELOPMENT
SYN_008163,DEVELOPMENT
SYN_008164,DEVELOPMENT
SYN_008165,DEVELOPMENT
SYN_008166,DEVELOPMENT
SYN_008167,DEVELOPMENT
SYN_008168,DEVELOPMENT
SYN_008169,DEVELOPMENT
SYN_008170,DEVELOPMENT
SYN_008171,DEVELOPMENT
SYN_008172,DEVELOPMENT
SYN_008173,HOLDOUT
SYN_008174,DEVELOPMENT
SYN_008175,DEVELOPMENT
SYN_008176,DEVELOPMENT
SYN_008177,DEVELOPMENT
SYN_008178,DEVELOPMENT
SYN_008179,HOLDOUT
SYN_008180,DEVELOPMENT
SYN_008181,DEVELOPMENT
SYN_008182,DEVELOPMENT
SYN_008183,HOLDOUT
SYN_008184,DEVELOPMENT
SYN_008185,DEVELOPMENT
SYN_008186,DEVELOPMENT
SYN_008187,DEVELOPMENT
SYN_008188,DEVELOPMENT
SYN_008189,HOLDOUT
SYN_008190,DEVELOPMENT
SYN_008191,DEVELOPMENT
SYN_008192,DEVELOPMENT
SYN_008193,DEVELOPMENT
SYN_008194,HOLDOUT
SYN_008195,DEVELOPMENT
SYN_008196,DEVELOPMENT
SYN_008197,DEVELOPMENT
SYN_008198,DEVELOPMENT
SYN_008199,DEVELOPMENT
SYN_008200,DEVELOPMENT
SYN_008201,HOLDOUT
SYN_008202,DEVELOPMENT
SYN_008203,DEVELOPMENT
SYN_008204,DEVELOPMENT
SYN_008205,DEVELOPMENT
SYN_008206,DEVELOPMENT
SYN_008207,DEVELOPMENT
SYN_008208,DEVELOPMENT
SYN_008209,HOLDOUT
SYN_008210,DEVELOPMENT
SYN_008211,DEVELOPMENT
SYN_008212,DEVELOPMENT
SYN_008213,DEVELOPMENT
SYN_008214,DEVELOPMENT
SYN_008215,HOLDOUT
SYN_008216,DEVELOPMENT
SYN_008217,HOLDOUT
SYN_008218,HOLDOUT
SYN_008219,DEVELOPMENT
SYN_008220,DEVELOPMENT
SYN_008221,DEVELOPMENT
SYN_008222,DEVELOPMENT
SYN_008223,HOLDOUT
SYN_008224,HOLDOUT
SYN_008225,HOLDOUT
SYN_008226,DEVELOPMENT
SYN_008227,HOLDOUT
SYN_008228,DEVELOPMENT
SYN_008229,DEVELOPMENT
SYN_008230,DEVELOPMENT
SYN_008231,DEVELOPMENT
SYN_008232,DEVELOPMENT
SYN_008233,HOLDOUT
SYN_008234,DEVELOPMENT
SYN_008235,DEVELOPMENT
SYN_008236,DEVELOPMENT
SYN_008237,DEVELOPMENT
SYN_008238,HOLDOUT
SYN_008239,DEVELOPMENT
SYN_008240,DEVELOPMENT
SYN_008241,DEVELOPMENT
SYN_008242,DEVELOPMENT
SYN_008243,DEVELOPMENT
SYN_008244,DEVELOPMENT
SYN_008245,DEVELOPMENT
SYN_008246,DEVELOPMENT
SYN_008247,DEVELOPMENT
SYN_008248,DEVELOPMENT
SYN_008249,DEVELOPMENT
SYN_008250,DEVELOPMENT
SYN_008251,HOLDOUT
SYN_008252,DEVELOPMENT
SYN_008253,DEVELOPMENT
SYN_008254,DEVELOPMENT
SYN_008255,DEVELOPMENT
SYN_008256,DEVELOPMENT
SYN_008257,DEVELOPMENT
SYN_008258,DEVELOPMENT
SYN_008259,DEVELOPMENT
SYN_008260,DEVELOPMENT
SYN_008261,HOLDOUT
SYN_008262,DEVELOPMENT
SYN_008263,DEVELOPMENT
SYN_008264,DEVELOPMENT
SYN_008265,HOLDOUT
SYN_008266,DEVELOPMENT
SYN_008267,DEVELOPMENT
SYN_008268,DEVELOPMENT
SYN_008269,DEVELOPMENT
SYN_008270,HOLDOUT
SYN_008271,DEVELOPMENT
SYN_008272,DEVELOPMENT
SYN_008273,DEVELOPMENT
SYN_008274,DEVELOPMENT
SYN_008275,DEVELOPMENT
SYN_008276,DEVELOPMENT
SYN_008277,DEVELOPMENT
SYN_008278,DEVELOPMENT
SYN_008279,HOLDOUT
SYN_008280,DEVELOPMENT
SYN_008281,DEVELOPMENT
SYN_008282,DEVELOPMENT
SYN_008283,DEVELOPMENT
SYN_008284,DEVELOPMENT
SYN_008285,DEVELOPMENT
SYN_008286,DEVELOPMENT
SYN_008287,DEVELOPMENT
SYN_008288,DEVELOPMENT
SYN_008289,DEVELOPMENT
SYN_008290,DEVELOPMENT
SYN_008291,DEVELOPMENT
SYN_008292,DEVELOPMENT
SYN_008293,DEVELOPMENT
SYN_008294,DEVELOPMENT
SYN_008295,DEVELOPMENT
SYN_008296,DEVELOPMENT
SYN_008297,DEVELOPMENT
SYN_008298,DEVELOPMENT
SYN_008299,DEVELOPMENT
SYN_008300,DEVELOPMENT
SYN_008301,DEVELOPMENT
SYN_008302,DEVELOPMENT
SYN_008303,DEVELOPMENT
SYN_008304,DEVELOPMENT
SYN_008305,DEVELOPMENT
SYN_008306,DEVELOPMENT
SYN_008307,DEVELOPMENT
SYN_008308,DEVELOPMENT
SYN_008309,HOLDOUT
SYN_008310,DEVELOPMENT
SYN_008311,DEVELOPMENT
SYN_008312,DEVELOPMENT
SYN_008313,DEVELOPMENT
SYN_008314,DEVELOPMENT
SYN_008315,DEVELOPMENT
SYN_008316,DEVELOPMENT
SYN_008317,DEVELOPMENT
SYN_008318,DEVELOPMENT
SYN_008319,DEVELOPMENT
SYN_008320,DEVELOPMENT
SYN_008321,DEVELOPMENT
SYN_008322,DEVELOPMENT
SYN_008323,DEVELOPMENT
SYN_008324,DEVELOPMENT
SYN_008325,DEVELOPMENT
SYN_008326,HOLDOUT
SYN_008327,DEVELOPMENT
SYN_008328,DEVELOPMENT
SYN_008329,DEVELOPMENT
SYN_008330,DEVELOPMENT
SYN_008331,DEVELOPMENT
SYN_008332,HOLDOUT
SYN_008333,DEVELOPMENT
SYN_008334,DEVELOPMENT
SYN_008335,DEVELOPMENT
SYN_008336,DEVELOPMENT
SYN_008337,DEVELOPMENT
SYN_008338,DEVELOPMENT
SYN_008339,DEVELOPMENT
SYN_008340,DEVELOPMENT
SYN_008341,DEVELOPMENT
SYN_008342,DEVELOPMENT
SYN_008343,DEVELOPMENT
SYN_008344,DEVELOPMENT
SYN_008345,DEVELOPMENT
SYN_008346,DEVELOPMENT
SYN_008347,DEVELOPMENT
SYN_008348,DEVELOPMENT
SYN_008349,DEVELOPMENT
SYN_008350,DEVELOPMENT
SYN_008351,DEVELOPMENT
SYN_008352,DEVELOPMENT
SYN_008353,DEVELOPMENT
SYN_008354,HOLDOUT
SYN_008355,HOLDOUT
SYN_008356,DEVELOPMENT
SYN_008357,HOLDOUT
SYN_008358,DEVELOPMENT
SYN_008359,DEVELOPMENT
SYN_008360,DEVELOPMENT
SYN_008361,DEVELOPMENT
SYN_008362,DEVELOPMENT
SYN_008363,DEVELOPMENT
SYN_008364,HOLDOUT
SYN_008365,DEVELOPMENT
SYN_008366,DEVELOPMENT
SYN_008367,DEVELOPMENT
SYN_008368,HOLDOUT
SYN_008369,HOLDOUT
SYN_008370,DEVELOPMENT
SYN_008371,DEVELOPMENT
SYN_008372,DEVELOPMENT
SYN_008373,DEVELOPMENT
SYN_008374,DEVELOPMENT
SYN_008375,DEVELOPMENT
SYN_008376,DEVELOPMENT
SYN_008377,DEVELOPMENT
SYN_008378,DEVELOPMENT
SYN_008379,DEVELOPMENT
SYN_008380,DEVELOPMENT
SYN_008381,DEVELOPMENT
SYN_008382,DEVELOPMENT
SYN_008383,DEVELOPMENT
SYN_008384,HOLDOUT
SYN_008385,DEVELOPMENT
SYN_008386,DEVELOPMENT
SYN_008387,DEVELOPMENT
SYN_008388,DEVELOPMENT
SYN_008389,DEVELOPMENT
SYN_008390,HOLDOUT
SYN_008391,DEVELOPMENT
SYN_008392,HOLDOUT
SYN_008393,DEVELOPMENT
SYN_008394,DEVELOPMENT
SYN_008395,DEVELOPMENT
SYN_008396,DEVELOPMENT
SYN_008397,DEVELOPMENT
SYN_008398,DEVELOPMENT
SYN_008399,DEVELOPMENT
SYN_008400,DEVELOPMENT
SYN_008401,DEVELOPMENT
SYN_008402,DEVELOPMENT
SYN_008403,DEVELOPMENT
SYN_008404,HOLDOUT
SYN_008405,HOLDOUT
SYN_008406,DEVELOPMENT
SYN_008407,DEVELOPMENT
SYN_008408,DEVELOPMENT
SYN_008409,DEVELOPMENT
SYN_008410,HOLDOUT
SYN_008411,DEVELOPMENT
SYN_008412,DEVELOPMENT
SYN_008413,DEVELOPMENT
SYN_008414,DEVELOPMENT
SYN_008415,DEVELOPMENT
SYN_008416,HOLDOUT
SYN_008417,DEVELOPMENT
SYN_008418,DEVELOPMENT
SYN_008419,DEVELOPMENT
SYN_008420,DEVELOPMENT
SYN_008421,DEVELOPMENT
SYN_008422,DEVELOPMENT
SYN_008423,DEVELOPMENT
SYN_008424,DEVELOPMENT
SYN_008425,DEVELOPMENT
SYN_008426,DEVELOPMENT
SYN_008427,DEVELOPMENT
SYN_008428,DEVELOPMENT
SYN_008429,HOLDOUT
SYN_008430,DEVELOPMENT
SYN_008431,HOLDOUT
SYN_008432,DEVELOPMENT
SYN_008433,DEVELOPMENT
SYN_008434,HOLDOUT
SYN_008435,DEVELOPMENT
SYN_008436,DEVELOPMENT
SYN_008437,DEVELOPMENT
SYN_008438,DEVELOPMENT
SYN_008439,HOLDOUT
SYN_008440,DEVELOPMENT
SYN_008441,HOLDOUT
SYN_008442,DEVELOPMENT
SYN_008443,DEVELOPMENT
SYN_008444,DEVELOPMENT
SYN_008445,HOLDOUT
SYN_008446,DEVELOPMENT
SYN_008447,DEVELOPMENT
SYN_008448,HOLDOUT
SYN_008449,DEVELOPMENT
SYN_008450,DEVELOPMENT
SYN_008451,HOLDOUT
SYN_008452,DEVELOPMENT
SYN_008453,DEVELOPMENT
SYN_008454,DEVELOPMENT
SYN_008455,HOLDOUT
SYN_008456,DEVELOPMENT
SYN_008457,HOLDOUT
SYN_008458,DEVELOPMENT
SYN_008459,DEVELOPMENT
SYN_008460,DEVELOPMENT
SYN_008461,DEVELOPMENT
SYN_008462,HOLDOUT
SYN_008463,DEVELOPMENT
SYN_008464,DEVELOPMENT
SYN_008465,DEVELOPMENT
SYN_008466,DEVELOPMENT
SYN_008467,DEVELOPMENT
SYN_008468,DEVELOPMENT
SYN_008469,HOLDOUT
SYN_008470,DEVELOPMENT
SYN_008471,DEVELOPMENT
SYN_008472,DEVELOPMENT
SYN_008473,DEVELOPMENT
SYN_008474,DEVELOPMENT
SYN_008475,HOLDOUT
SYN_008476,HOLDOUT
SYN_008477,DEVELOPMENT
SYN_008478,DEVELOPMENT
SYN_008479,DEVELOPMENT
SYN_008480,DEVELOPMENT
SYN_008481,DEVELOPMENT
SYN_008482,HOLDOUT
SYN_008483,HOLDOUT
SYN_008484,DEVELOPMENT
SYN_008485,DEVELOPMENT
SYN_008486,DEVELOPMENT
SYN_008487,HOLDOUT
SYN_008488,DEVELOPMENT
SYN_008489,DEVELOPMENT
SYN_008490,DEVELOPMENT
SYN_008491,HOLDOUT
SYN_008492,HOLDOUT
SYN_008493,DEVELOPMENT
SYN_008494,DEVELOPMENT
SYN_008495,DEVELOPMENT
SYN_008496,HOLDOUT
SYN_008497,DEVELOPMENT
SYN_008498,HOLDOUT
SYN_008499,DEVELOPMENT
SYN_008500,HOLDOUT
SYN_008501,DEVELOPMENT
SYN_008502,DEVELOPMENT
SYN_008503,DEVELOPMENT
SYN_008504,DEVELOPMENT
SYN_008505,HOLDOUT
SYN_008506,DEVELOPMENT
SYN_008507,DEVELOPMENT
SYN_008508,HOLDOUT
SYN_008509,DEVELOPMENT
SYN_008510,HOLDOUT
SYN_008511,DEVELOPMENT
SYN_008512,DEVELOPMENT
SYN_008513,DEVELOPMENT
SYN_008514,DEVELOPMENT
SYN_008515,DEVELOPMENT
SYN_008516,DEVELOPMENT
SYN_008517,DEVELOPMENT
SYN_008518,DEVELOPMENT
SYN_008519,DEVELOPMENT
SYN_008520,DEVELOPMENT
SYN_008521,DEVELOPMENT
SYN_008522,DEVELOPMENT
SYN_008523,HOLDOUT
SYN_008524,DEVELOPMENT
SYN_008525,DEVELOPMENT
SYN_008526,HOLDOUT
SYN_008527,HOLDOUT
SYN_008528,DEVELOPMENT
SYN_008529,DEVELOPMENT
SYN_008530,DEVELOPMENT
SYN_008531,HOLDOUT
SYN_008532,DEVELOPMENT
SYN_008533,DEVELOPMENT
SYN_008534,DEVELOPMENT
SYN_008535,DEVELOPMENT
SYN_008536,DEVELOPMENT
SYN_008537,HOLDOUT
SYN_008538,DEVELOPMENT
SYN_008539,DEVELOPMENT
SYN_008540,DEVELOPMENT
SYN_008541,HOLDOUT
SYN_008542,DEVELOPMENT
SYN_008543,DEVELOPMENT
SYN_008544,HOLDOUT
SYN_008545,HOLDOUT
SYN_008546,DEVELOPMENT
SYN_008547,HOLDOUT
SYN_008548,DEVELOPMENT
SYN_008549,HOLDOUT
SYN_008550,DEVELOPMENT
SYN_008551,HOLDOUT
SYN_008552,DEVELOPMENT
SYN_008553,DEVELOPMENT
SYN_008554,DEVELOPMENT
SYN_008555,DEVELOPMENT
SYN_008556,HOLDOUT
SYN_008557,DEVELOPMENT
SYN_008558,DEVELOPMENT
SYN_008559,HOLDOUT
SYN_008560,HOLDOUT
SYN_008561,DEVELOPMENT
SYN_008562,DEVELOPMENT
SYN_008563,DEVELOPMENT
SYN_008564,DEVELOPMENT
SYN_008565,DEVELOPMENT
SYN_008566,HOLDOUT
SYN_008567,DEVELOPMENT
SYN_008568,DEVELOPMENT
SYN_008569,DEVELOPMENT
SYN_008570,DEVELOPMENT
SYN_008571,DEVELOPMENT
SYN_008572,DEVELOPMENT
SYN_008573,DEVELOPMENT
SYN_008574,HOLDOUT
SYN_008575,DEVELOPMENT
SYN_008576,DEVELOPMENT
SYN_008577,DEVELOPMENT
SYN_008578,DEVELOPMENT
SYN_008579,DEVELOPMENT
SYN_008580,DEVELOPMENT
SYN_008581,DEVELOPMENT
SYN_008582,DEVELOPMENT
SYN_008583,DEVELOPMENT
SYN_008584,DEVELOPMENT
SYN_008585,DEVELOPMENT
SYN_008586,HOLDOUT
SYN_008587,DEVELOPMENT
SYN_008588,DEVELOPMENT
SYN_008589,DEVELOPMENT
SYN_008590,HOLDOUT
SYN_008591,DEVELOPMENT
SYN_008592,DEVELOPMENT
SYN_008593,HOLDOUT
SYN_008594,HOLDOUT
SYN_008595,DEVELOPMENT
SYN_008596,HOLDOUT
SYN_008597,DEVELOPMENT
SYN_008598,HOLDOUT
SYN_008599,DEVELOPMENT
SYN_008600,DEVELOPMENT
SYN_008601,DEVELOPMENT
SYN_008602,DEVELOPMENT
SYN_008603,DEVELOPMENT
SYN_008604,DEVELOPMENT
SYN_008605,DEVELOPMENT
SYN_008606,DEVELOPMENT
SYN_008607,DEVELOPMENT
SYN_008608,DEVELOPMENT
SYN_008609,DEVELOPMENT
SYN_008610,DEVELOPMENT
SYN_008611,DEVELOPMENT
SYN_008612,HOLDOUT
SYN_008613,DEVELOPMENT
SYN_008614,DEVELOPMENT
SYN_008615,DEVELOPMENT
SYN_008616,DEVELOPMENT
SYN_008617,DEVELOPMENT
SYN_008618,DEVELOPMENT
SYN_008619,DEVELOPMENT
SYN_008620,DEVELOPMENT
SYN_008621,HOLDOUT
SYN_008622,DEVELOPMENT
SYN_008623,DEVELOPMENT
SYN_008624,HOLDOUT
SYN_008625,DEVELOPMENT
SYN_008626,DEVELOPMENT
SYN_008627,DEVELOPMENT
SYN_008628,DEVELOPMENT
SYN_008629,DEVELOPMENT
SYN_008630,DEVELOPMENT
SYN_008631,DEVELOPMENT
SYN_008632,DEVELOPMENT
SYN_008633,DEVELOPMENT
SYN_008634,HOLDOUT
SYN_008635,DEVELOPMENT
SYN_008636,DEVELOPMENT
SYN_008637,DEVELOPMENT
SYN_008638,DEVELOPMENT
SYN_008639,DEVELOPMENT
SYN_008640,DEVELOPMENT
SYN_008641,HOLDOUT
SYN_008642,DEVELOPMENT
SYN_008643,DEVELOPMENT
SYN_008644,DEVELOPMENT
SYN_008645,DEVELOPMENT
SYN_008646,HOLDOUT
SYN_008647,HOLDOUT
SYN_008648,DEVELOPMENT
SYN_008649,DEVELOPMENT
SYN_008650,DEVELOPMENT
SYN_008651,DEVELOPMENT
SYN_008652,DEVELOPMENT
SYN_008653,DEVELOPMENT
SYN_008654,DEVELOPMENT
SYN_008655,DEVELOPMENT
SYN_008656,DEVELOPMENT
SYN_008657,HOLDOUT
SYN_008658,DEVELOPMENT
SYN_008659,HOLDOUT
SYN_008660,DEVELOPMENT
SYN_008661,DEVELOPMENT
SYN_008662,DEVELOPMENT
SYN_008663,DEVELOPMENT
SYN_008664,DEVELOPMENT
SYN_008665,DEVELOPMENT
SYN_008666,HOLDOUT
SYN_008667,DEVELOPMENT
SYN_008668,HOLDOUT
SYN_008669,DEVELOPMENT
SYN_008670,DEVELOPMENT
SYN_008671,DEVELOPMENT
SYN_008672,DEVELOPMENT
SYN_008673,DEVELOPMENT
SYN_008674,DEVELOPMENT
SYN_008675,DEVELOPMENT
SYN_008676,DEVELOPMENT
SYN_008677,DEVELOPMENT
SYN_008678,DEVELOPMENT
SYN_008679,DEVELOPMENT
SYN_008680,DEVELOPMENT
SYN_008681,DEVELOPMENT
SYN_008682,DEVELOPMENT
SYN_008683,DEVELOPMENT
SYN_008684,DEVELOPMENT
SYN_008685,DEVELOPMENT
SYN_008686,DEVELOPMENT
SYN_008687,DEVELOPMENT
SYN_008688,DEVELOPMENT
SYN_008689,DEVELOPMENT
SYN_008690,DEVELOPMENT
SYN_008691,DEVELOPMENT
SYN_008692,HOLDOUT
SYN_008693,DEVELOPMENT
SYN_008694,DEVELOPMENT
SYN_008695,HOLDOUT
SYN_008696,HOLDOUT
SYN_008697,DEVELOPMENT
SYN_008698,DEVELOPMENT
SYN_008699,DEVELOPMENT
SYN_008700,DEVELOPMENT
SYN_008701,DEVELOPMENT
SYN_008702,DEVELOPMENT
SYN_008703,DEVELOPMENT
SYN_008704,DEVELOPMENT
SYN_008705,DEVELOPMENT
SYN_008706,HOLDOUT
SYN_008707,HOLDOUT
SYN_008708,DEVELOPMENT
SYN_008709,DEVELOPMENT
SYN_008710,DEVELOPMENT
SYN_008711,DEVELOPMENT
SYN_008712,DEVELOPMENT
SYN_008713,DEVELOPMENT
SYN_008714,DEVELOPMENT
SYN_008715,DEVELOPMENT
SYN_008716,HOLDOUT
SYN_008717,DEVELOPMENT
SYN_008718,DEVELOPMENT
SYN_008719,DEVELOPMENT
SYN_008720,DEVELOPMENT
SYN_008721,HOLDOUT
SYN_008722,DEVELOPMENT
SYN_008723,HOLDOUT
SYN_008724,HOLDOUT
SYN_008725,DEVELOPMENT
SYN_008726,DEVELOPMENT
SYN_008727,DEVELOPMENT
SYN_008728,HOLDOUT
SYN_008729,DEVELOPMENT
SYN_008730,DEVELOPMENT
SYN_008731,HOLDOUT
SYN_008732,DEVELOPMENT
SYN_008733,DEVELOPMENT
SYN_008734,DEVELOPMENT
SYN_008735,DEVELOPMENT
SYN_008736,DEVELOPMENT
SYN_008737,DEVELOPMENT
SYN_008738,DEVELOPMENT
SYN_008739,DEVELOPMENT
SYN_008740,DEVELOPMENT
SYN_008741,DEVELOPMENT
SYN_008742,DEVELOPMENT
SYN_008743,HOLDOUT
SYN_008744,DEVELOPMENT
SYN_008745,DEVELOPMENT
SYN_008746,DEVELOPMENT
SYN_008747,DEVELOPMENT
SYN_008748,DEVELOPMENT
SYN_008749,DEVELOPMENT
SYN_008750,DEVELOPMENT
SYN_008751,HOLDOUT
SYN_008752,DEVELOPMENT
SYN_008753,HOLDOUT
SYN_008754,HOLDOUT
SYN_008755,DEVELOPMENT
SYN_008756,DEVELOPMENT
SYN_008757,HOLDOUT
SYN_008758,DEVELOPMENT
SYN_008759,DEVELOPMENT
SYN_008760,DEVELOPMENT
SYN_008761,DEVELOPMENT
SYN_008762,DEVELOPMENT
SYN_008763,DEVELOPMENT
SYN_008764,DEVELOPMENT
SYN_008765,DEVELOPMENT
SYN_008766,DEVELOPMENT
SYN_008767,DEVELOPMENT
SYN_008768,DEVELOPMENT
SYN_008769,DEVELOPMENT
SYN_008770,HOLDOUT
SYN_008771,DEVELOPMENT
SYN_008772,DEVELOPMENT
SYN_008773,DEVELOPMENT
SYN_008774,DEVELOPMENT
SYN_008775,DEVELOPMENT
SYN_008776,DEVELOPMENT
SYN_008777,HOLDOUT
SYN_008778,DEVELOPMENT
SYN_008779,DEVELOPMENT
SYN_008780,DEVELOPMENT
SYN_008781,DEVELOPMENT
SYN_008782,DEVELOPMENT
SYN_008783,DEVELOPMENT
SYN_008784,DEVELOPMENT
SYN_008785,HOLDOUT
SYN_008786,DEVELOPMENT
SYN_008787,DEVELOPMENT
SYN_008788,DEVELOPMENT
SYN_008789,DEVELOPMENT
SYN_008790,HOLDOUT
SYN_008791,DEVELOPMENT
SYN_008792,DEVELOPMENT
SYN_008793,DEVELOPMENT
SYN_008794,DEVELOPMENT
SYN_008795,DEVELOPMENT
SYN_008796,DEVELOPMENT
SYN_008797,DEVELOPMENT
SYN_008798,DEVELOPMENT
SYN_008799,DEVELOPMENT
SYN_008800,HOLDOUT
SYN_008801,DEVELOPMENT
SYN_008802,DEVELOPMENT
SYN_008803,HOLDOUT
SYN_008804,DEVELOPMENT
SYN_008805,DEVELOPMENT
SYN_008806,DEVELOPMENT
SYN_008807,DEVELOPMENT
SYN_008808,DEVELOPMENT
SYN_008809,DEVELOPMENT
SYN_008810,DEVELOPMENT
SYN_008811,HOLDOUT
SYN_008812,DEVELOPMENT
SYN_008813,DEVELOPMENT
SYN_008814,DEVELOPMENT
SYN_008815,DEVELOPMENT
SYN_008816,DEVELOPMENT
SYN_008817,DEVELOPMENT
SYN_008818,DEVELOPMENT
SYN_008819,DEVELOPMENT
SYN_008820,DEVELOPMENT
SYN_008821,DEVELOPMENT
SYN_008822,DEVELOPMENT
SYN_008823,DEVELOPMENT
SYN_008824,DEVELOPMENT
SYN_008825,DEVELOPMENT
SYN_008826,DEVELOPMENT
SYN_008827,DEVELOPMENT
SYN_008828,DEVELOPMENT
SYN_008829,DEVELOPMENT
SYN_008830,HOLDOUT
SYN_008831,DEVELOPMENT
SYN_008832,DEVELOPMENT
SYN_008833,HOLDOUT
SYN_008834,DEVELOPMENT
SYN_008835,DEVELOPMENT
SYN_008836,DEVELOPMENT
SYN_008837,DEVELOPMENT
SYN_008838,DEVELOPMENT
SYN_008839,DEVELOPMENT
SYN_008840,DEVELOPMENT
SYN_008841,DEVELOPMENT
SYN_008842,HOLDOUT
SYN_008843,HOLDOUT
SYN_008844,DEVELOPMENT
SYN_008845,DEVELOPMENT
SYN_008846,DEVELOPMENT
SYN_008847,DEVELOPMENT
SYN_008848,DEVELOPMENT
SYN_008849,DEVELOPMENT
SYN_008850,DEVELOPMENT
SYN_008851,HOLDOUT
SYN_008852,DEVELOPMENT
SYN_008853,DEVELOPMENT
SYN_008854,DEVELOPMENT
SYN_008855,DEVELOPMENT
SYN_008856,DEVELOPMENT
SYN_008857,HOLDOUT
SYN_008858,DEVELOPMENT
SYN_008859,HOLDOUT
SYN_008860,HOLDOUT
SYN_008861,HOLDOUT
SYN_008862,DEVELOPMENT
SYN_008863,DEVELOPMENT
SYN_008864,DEVELOPMENT
SYN_008865,DEVELOPMENT
SYN_008866,HOLDOUT
SYN_008867,DEVELOPMENT
SYN_008868,DEVELOPMENT
SYN_008869,DEVELOPMENT
SYN_008870,HOLDOUT
SYN_008871,DEVELOPMENT
SYN_008872,DEVELOPMENT
SYN_008873,DEVELOPMENT
SYN_008874,DEVELOPMENT
SYN_008875,DEVELOPMENT
SYN_008876,HOLDOUT
SYN_008877,DEVELOPMENT
SYN_008878,DEVELOPMENT
SYN_008879,HOLDOUT
SYN_008880,DEVELOPMENT
SYN_008881,HOLDOUT
SYN_008882,DEVELOPMENT
SYN_008883,DEVELOPMENT
SYN_008884,DEVELOPMENT
SYN_008885,DEVELOPMENT
SYN_008886,DEVELOPMENT
SYN_008887,DEVELOPMENT
SYN_008888,DEVELOPMENT
SYN_008889,DEVELOPMENT
SYN_008890,DEVELOPMENT
SYN_008891,DEVELOPMENT
SYN_008892,DEVELOPMENT
SYN_008893,DEVELOPMENT
SYN_008894,DEVELOPMENT
SYN_008895,HOLDOUT
SYN_008896,DEVELOPMENT
SYN_008897,DEVELOPMENT
SYN_008898,DEVELOPMENT
SYN_008899,DEVELOPMENT
SYN_008900,DEVELOPMENT
SYN_008901,DEVELOPMENT
SYN_008902,HOLDOUT
SYN_008903,DEVELOPMENT
SYN_008904,DEVELOPMENT
SYN_008905,DEVELOPMENT
SYN_008906,DEVELOPMENT
SYN_008907,DEVELOPMENT
SYN_008908,DEVELOPMENT
SYN_008909,DEVELOPMENT
SYN_008910,DEVELOPMENT
SYN_008911,DEVELOPMENT
SYN_008912,DEVELOPMENT
SYN_008913,DEVELOPMENT
SYN_008914,DEVELOPMENT
SYN_008915,DEVELOPMENT
SYN_008916,DEVELOPMENT
SYN_008917,DEVELOPMENT
SYN_008918,DEVELOPMENT
SYN_008919,DEVELOPMENT
SYN_008920,DEVELOPMENT
SYN_008921,HOLDOUT
SYN_008922,DEVELOPMENT
SYN_008923,DEVELOPMENT
SYN_008924,DEVELOPMENT
SYN_008925,HOLDOUT
SYN_008926,DEVELOPMENT
SYN_008927,DEVELOPMENT
SYN_008928,DEVELOPMENT
SYN_008929,DEVELOPMENT
SYN_008930,HOLDOUT
SYN_008931,DEVELOPMENT
SYN_008932,DEVELOPMENT
SYN_008933,HOLDOUT
SYN_008934,DEVELOPMENT
SYN_008935,DEVELOPMENT
SYN_008936,DEVELOPMENT
SYN_008937,DEVELOPMENT
SYN_008938,DEVELOPMENT
SYN_008939,DEVELOPMENT
SYN_008940,DEVELOPMENT
SYN_008941,HOLDOUT
SYN_008942,DEVELOPMENT
SYN_008943,HOLDOUT
SYN_008944,HOLDOUT
SYN_008945,DEVELOPMENT
SYN_008946,DEVELOPMENT
SYN_008947,DEVELOPMENT
SYN_008948,DEVELOPMENT
SYN_008949,DEVELOPMENT
SYN_008950,DEVELOPMENT
SYN_008951,DEVELOPMENT
SYN_008952,DEVELOPMENT
SYN_008953,HOLDOUT
SYN_008954,DEVELOPMENT
SYN_008955,DEVELOPMENT
SYN_008956,HOLDOUT
SYN_008957,DEVELOPMENT
SYN_008958,DEVELOPMENT
SYN_008959,DEVELOPMENT
SYN_008960,HOLDOUT
SYN_008961,DEVELOPMENT
SYN_008962,DEVELOPMENT
SYN_008963,HOLDOUT
SYN_008964,DEVELOPMENT
SYN_008965,DEVELOPMENT
SYN_008966,DEVELOPMENT
SYN_008967,DEVELOPMENT
SYN_008968,DEVELOPMENT
SYN_008969,HOLDOUT
SYN_008970,DEVELOPMENT
SYN_008971,DEVELOPMENT
SYN_008972,DEVELOPMENT
SYN_008973,DEVELOPMENT
SYN_008974,DEVELOPMENT
SYN_008975,DEVELOPMENT
SYN_008976,DEVELOPMENT
SYN_008977,HOLDOUT
SYN_008978,DEVELOPMENT
SYN_008979,HOLDOUT
SYN_008980,DEVELOPMENT
SYN_008981,HOLDOUT
SYN_008982,HOLDOUT
SYN_008983,DEVELOPMENT
SYN_008984,DEVELOPMENT
SYN_008985,DEVELOPMENT
SYN_008986,DEVELOPMENT
SYN_008987,DEVELOPMENT
SYN_008988,DEVELOPMENT
SYN_008989,DEVELOPMENT
SYN_008990,DEVELOPMENT
SYN_008991,DEVELOPMENT
SYN_008992,DEVELOPMENT
SYN_008993,DEVELOPMENT
SYN_008994,DEVELOPMENT
SYN_008995,DEVELOPMENT
SYN_008996,DEVELOPMENT
SYN_008997,DEVELOPMENT
SYN_008998,HOLDOUT
SYN_008999,DEVELOPMENT
SYN_009000,DEVELOPMENT
SYN_009001,DEVELOPMENT
SYN_009002,DEVELOPMENT
SYN_009003,DEVELOPMENT
SYN_009004,DEVELOPMENT
SYN_009005,DEVELOPMENT
SYN_009006,DEVELOPMENT
SYN_009007,HOLDOUT
SYN_009008,HOLDOUT
SYN_009009,DEVELOPMENT
SYN_009010,DEVELOPMENT
SYN_009011,DEVELOPMENT
SYN_009012,DEVELOPMENT
SYN_009013,HOLDOUT
SYN_009014,DEVELOPMENT
SYN_009015,HOLDOUT
SYN_009016,DEVELOPMENT
SYN_009017,DEVELOPMENT
SYN_009018,DEVELOPMENT
SYN_009019,DEVELOPMENT
SYN_009020,DEVELOPMENT
SYN_009021,HOLDOUT
SYN_009022,HOLDOUT
SYN_009023,DEVELOPMENT
SYN_009024,HOLDOUT
SYN_009025,DEVELOPMENT
SYN_009026,HOLDOUT
SYN_009027,HOLDOUT
SYN_009028,DEVELOPMENT
SYN_009029,DEVELOPMENT
SYN_009030,HOLDOUT
SYN_009031,DEVELOPMENT
SYN_009032,HOLDOUT
SYN_009033,HOLDOUT
SYN_009034,DEVELOPMENT
SYN_009035,DEVELOPMENT
SYN_009036,HOLDOUT
SYN_009037,DEVELOPMENT
SYN_009038,HOLDOUT
SYN_009039,HOLDOUT
SYN_009040,DEVELOPMENT
SYN_009041,HOLDOUT
SYN_009042,DEVELOPMENT
SYN_009043,DEVELOPMENT
SYN_009044,DEVELOPMENT
SYN_009045,DEVELOPMENT
SYN_009046,DEVELOPMENT
SYN_009047,DEVELOPMENT
SYN_009048,DEVELOPMENT
SYN_009049,HOLDOUT
SYN_009050,DEVELOPMENT
SYN_009051,DEVELOPMENT
SYN_009052,DEVELOPMENT
SYN_009053,DEVELOPMENT
SYN_009054,HOLDOUT
SYN_009055,DEVELOPMENT
SYN_009056,HOLDOUT
SYN_009057,HOLDOUT
SYN_009058,DEVELOPMENT
SYN_009059,HOLDOUT
SYN_009060,DEVELOPMENT
SYN_009061,HOLDOUT
SYN_009062,HOLDOUT
SYN_009063,DEVELOPMENT
SYN_009064,HOLDOUT
SYN_009065,DEVELOPMENT
SYN_009066,HOLDOUT
SYN_009067,DEVELOPMENT
SYN_009068,HOLDOUT
SYN_009069,DEVELOPMENT
SYN_009070,DEVELOPMENT
SYN_009071,DEVELOPMENT
SYN_009072,DEVELOPMENT
SYN_009073,HOLDOUT
SYN_009074,DEVELOPMENT
SYN_009075,DEVELOPMENT
SYN_009076,DEVELOPMENT
SYN_009077,DEVELOPMENT
SYN_009078,DEVELOPMENT
SYN_009079,DEVELOPMENT
SYN_009080,DEVELOPMENT
SYN_009081,DEVELOPMENT
SYN_009082,DEVELOPMENT
SYN_009083,DEVELOPMENT
SYN_009084,DEVELOPMENT
SYN_009085,DEVELOPMENT
SYN_009086,HOLDOUT
SYN_009087,HOLDOUT
SYN_009088,HOLDOUT
SYN_009089,DEVELOPMENT
SYN_009090,DEVELOPMENT
SYN_009091,DEVELOPMENT
SYN_009092,HOLDOUT
SYN_009093,DEVELOPMENT
SYN_009094,HOLDOUT
SYN_009095,DEVELOPMENT
SYN_009096,DEVELOPMENT
SYN_009097,DEVELOPMENT
SYN_009098,DEVELOPMENT
SYN_009099,DEVELOPMENT
SYN_009100,DEVELOPMENT
SYN_009101,DEVELOPMENT
SYN_009102,DEVELOPMENT
SYN_009103,DEVELOPMENT
SYN_009104,DEVELOPMENT
SYN_009105,DEVELOPMENT
SYN_009106,HOLDOUT
SYN_009107,DEVELOPMENT
SYN_009108,HOLDOUT
SYN_009109,DEVELOPMENT
SYN_009110,HOLDOUT
SYN_009111,DEVELOPMENT
SYN_009112,DEVELOPMENT
SYN_009113,DEVELOPMENT
SYN_009114,DEVELOPMENT
SYN_009115,DEVELOPMENT
SYN_009116,DEVELOPMENT
SYN_009117,DEVELOPMENT
SYN_009118,HOLDOUT
SYN_009119,DEVELOPMENT
SYN_009120,DEVELOPMENT
SYN_009121,DEVELOPMENT
SYN_009122,DEVELOPMENT
SYN_009123,DEVELOPMENT
SYN_009124,DEVELOPMENT
SYN_009125,DEVELOPMENT
SYN_009126,DEVELOPMENT
SYN_009127,DEVELOPMENT
SYN_009128,DEVELOPMENT
SYN_009129,DEVELOPMENT
SYN_009130,DEVELOPMENT
SYN_009131,DEVELOPMENT
SYN_009132,DEVELOPMENT
SYN_009133,DEVELOPMENT
SYN_009134,HOLDOUT
SYN_009135,DEVELOPMENT
SYN_009136,DEVELOPMENT
SYN_009137,DEVELOPMENT
SYN_009138,DEVELOPMENT
SYN_009139,DEVELOPMENT
SYN_009140,DEVELOPMENT
SYN_009141,DEVELOPMENT
SYN_009142,DEVELOPMENT
SYN_009143,HOLDOUT
SYN_009144,DEVELOPMENT
SYN_009145,DEVELOPMENT
SYN_009146,HOLDOUT
SYN_009147,DEVELOPMENT
SYN_009148,DEVELOPMENT
SYN_009149,DEVELOPMENT
SYN_009150,DEVELOPMENT
SYN_009151,DEVELOPMENT
SYN_009152,DEVELOPMENT
SYN_009153,DEVELOPMENT
SYN_009154,HOLDOUT
SYN_009155,HOLDOUT
SYN_009156,DEVELOPMENT
SYN_009157,HOLDOUT
SYN_009158,DEVELOPMENT
SYN_009159,DEVELOPMENT
SYN_009160,HOLDOUT
SYN_009161,HOLDOUT
SYN_009162,DEVELOPMENT
SYN_009163,DEVELOPMENT
SYN_009164,DEVELOPMENT
SYN_009165,HOLDOUT
SYN_009166,DEVELOPMENT
SYN_009167,HOLDOUT
SYN_009168,DEVELOPMENT
SYN_009169,DEVELOPMENT
SYN_009170,DEVELOPMENT
SYN_009171,DEVELOPMENT
SYN_009172,DEVELOPMENT
SYN_009173,DEVELOPMENT
SYN_009174,DEVELOPMENT
SYN_009175,HOLDOUT
SYN_009176,DEVELOPMENT
SYN_009177,DEVELOPMENT
SYN_009178,DEVELOPMENT
SYN_009179,DEVELOPMENT
SYN_009180,DEVELOPMENT
SYN_009181,HOLDOUT
SYN_009182,DEVELOPMENT
SYN_009183,DEVELOPMENT
SYN_009184,DEVELOPMENT
SYN_009185,DEVELOPMENT
SYN_009186,DEVELOPMENT
SYN_009187,HOLDOUT
SYN_009188,DEVELOPMENT
SYN_009189,DEVELOPMENT
SYN_009190,DEVELOPMENT
SYN_009191,DEVELOPMENT
SYN_009192,HOLDOUT
SYN_009193,DEVELOPMENT
SYN_009194,DEVELOPMENT
SYN_009195,DEVELOPMENT
SYN_009196,DEVELOPMENT
SYN_009197,DEVELOPMENT
SYN_009198,DEVELOPMENT
SYN_009199,DEVELOPMENT
SYN_009200,DEVELOPMENT
SYN_009201,HOLDOUT
SYN_009202,DEVELOPMENT
SYN_009203,DEVELOPMENT
SYN_009204,DEVELOPMENT
SYN_009205,DEVELOPMENT
SYN_009206,DEVELOPMENT
SYN_009207,DEVELOPMENT
SYN_009208,DEVELOPMENT
SYN_009209,HOLDOUT
SYN_009210,HOLDOUT
SYN_009211,DEVELOPMENT
SYN_009212,DEVELOPMENT
SYN_009213,HOLDOUT
SYN_009214,DEVELOPMENT
SYN_009215,DEVELOPMENT
SYN_009216,HOLDOUT
SYN_009217,DEVELOPMENT
SYN_009218,HOLDOUT
SYN_009219,DEVELOPMENT
SYN_009220,DEVELOPMENT
SYN_009221,DEVELOPMENT
SYN_009222,DEVELOPMENT
SYN_009223,DEVELOPMENT
SYN_009224,DEVELOPMENT
SYN_009225,DEVELOPMENT
SYN_009226,DEVELOPMENT
SYN_009227,DEVELOPMENT
SYN_009228,DEVELOPMENT
SYN_009229,DEVELOPMENT
SYN_009230,DEVELOPMENT
SYN_009231,DEVELOPMENT
SYN_009232,DEVELOPMENT
SYN_009233,DEVELOPMENT
SYN_009234,DEVELOPMENT
SYN_009235,DEVELOPMENT
SYN_009236,DEVELOPMENT
SYN_009237,DEVELOPMENT
SYN_009238,DEVELOPMENT
SYN_009239,DEVELOPMENT
SYN_009240,HOLDOUT
SYN_009241,DEVELOPMENT
SYN_009242,HOLDOUT
SYN_009243,DEVELOPMENT
SYN_009244,HOLDOUT
SYN_009245,DEVELOPMENT
SYN_009246,HOLDOUT
SYN_009247,DEVELOPMENT
SYN_009248,DEVELOPMENT
SYN_009249,DEVELOPMENT
SYN_009250,DEVELOPMENT
SYN_009251,HOLDOUT
SYN_009252,DEVELOPMENT
SYN_009253,DEVELOPMENT
SYN_009254,DEVELOPMENT
SYN_009255,HOLDOUT
SYN_009256,DEVELOPMENT
SYN_009257,DEVELOPMENT
SYN_009258,HOLDOUT
SYN_009259,DEVELOPMENT
SYN_009260,HOLDOUT
SYN_009261,DEVELOPMENT
SYN_009262,HOLDOUT
SYN_009263,DEVELOPMENT
SYN_009264,DEVELOPMENT
SYN_009265,DEVELOPMENT
SYN_009266,DEVELOPMENT
SYN_009267,DEVELOPMENT
SYN_009268,HOLDOUT
SYN_009269,HOLDOUT
SYN_009270,DEVELOPMENT
SYN_009271,DEVELOPMENT
SYN_009272,DEVELOPMENT
SYN_009273,DEVELOPMENT
SYN_009274,DEVELOPMENT
SYN_009275,DEVELOPMENT
SYN_009276,DEVELOPMENT
SYN_009277,DEVELOPMENT
SYN_009278,DEVELOPMENT
SYN_009279,HOLDOUT
SYN_009280,DEVELOPMENT
SYN_009281,DEVELOPMENT
SYN_009282,DEVELOPMENT
SYN_009283,DEVELOPMENT
SYN_009284,DEVELOPMENT
SYN_009285,DEVELOPMENT
SYN_009286,DEVELOPMENT
SYN_009287,DEVELOPMENT
SYN_009288,DEVELOPMENT
SYN_009289,DEVELOPMENT
SYN_009290,DEVELOPMENT
SYN_009291,DEVELOPMENT
SYN_009292,DEVELOPMENT
SYN_009293,HOLDOUT
SYN_009294,HOLDOUT
SYN_009295,DEVELOPMENT
SYN_009296,DEVELOPMENT
SYN_009297,HOLDOUT
SYN_009298,DEVELOPMENT
SYN_009299,DEVELOPMENT
SYN_009300,HOLDOUT
SYN_009301,DEVELOPMENT
SYN_009302,DEVELOPMENT
SYN_009303,HOLDOUT
SYN_009304,HOLDOUT
SYN_009305,DEVELOPMENT
SYN_009306,DEVELOPMENT
SYN_009307,DEVELOPMENT
SYN_009308,DEVELOPMENT
SYN_009309,DEVELOPMENT
SYN_009310,DEVELOPMENT
SYN_009311,DEVELOPMENT
SYN_009312,DEVELOPMENT
SYN_009313,HOLDOUT
SYN_009314,HOLDOUT
SYN_009315,DEVELOPMENT
SYN_009316,DEVELOPMENT
SYN_009317,DEVELOPMENT
SYN_009318,HOLDOUT
SYN_009319,DEVELOPMENT
SYN_009320,HOLDOUT
SYN_009321,HOLDOUT
SYN_009322,DEVELOPMENT
SYN_009323,HOLDOUT
SYN_009324,HOLDOUT
SYN_009325,DEVELOPMENT
SYN_009326,HOLDOUT
SYN_009327,DEVELOPMENT
SYN_009328,DEVELOPMENT
SYN_009329,HOLDOUT
SYN_009330,DEVELOPMENT
SYN_009331,DEVELOPMENT
SYN_009332,DEVELOPMENT
SYN_009333,DEVELOPMENT
SYN_009334,DEVELOPMENT
SYN_009335,DEVELOPMENT
SYN_009336,DEVELOPMENT
SYN_009337,DEVELOPMENT
SYN_009338,DEVELOPMENT
SYN_009339,DEVELOPMENT
SYN_009340,DEVELOPMENT
SYN_009341,DEVELOPMENT
SYN_009342,HOLDOUT
SYN_009343,DEVELOPMENT
SYN_009344,HOLDOUT
SYN_009345,DEVELOPMENT
SYN_009346,DEVELOPMENT
SYN_009347,DEVELOPMENT
SYN_009348,DEVELOPMENT
SYN_009349,DEVELOPMENT
SYN_009350,DEVELOPMENT
SYN_009351,DEVELOPMENT
SYN_009352,DEVELOPMENT
SYN_009353,DEVELOPMENT
SYN_009354,HOLDOUT
SYN_009355,DEVELOPMENT
SYN_009356,HOLDOUT
SYN_009357,DEVELOPMENT
SYN_009358,DEVELOPMENT
SYN_009359,DEVELOPMENT
SYN_009360,HOLDOUT
SYN_009361,DEVELOPMENT
SYN_009362,DEVELOPMENT
SYN_009363,DEVELOPMENT
SYN_009364,HOLDOUT
SYN_009365,DEVELOPMENT
SYN_009366,DEVELOPMENT
SYN_009367,HOLDOUT
SYN_009368,DEVELOPMENT
SYN_009369,DEVELOPMENT
SYN_009370,DEVELOPMENT
SYN_009371,DEVELOPMENT
SYN_009372,DEVELOPMENT
SYN_009373,DEVELOPMENT
SYN_009374,DEVELOPMENT
SYN_009375,HOLDOUT
SYN_009376,DEVELOPMENT
SYN_009377,DEVELOPMENT
SYN_009378,DEVELOPMENT
SYN_009379,DEVELOPMENT
SYN_009380,DEVELOPMENT
SYN_009381,DEVELOPMENT
SYN_009382,DEVELOPMENT
SYN_009383,DEVELOPMENT
SYN_009384,DEVELOPMENT
SYN_009385,DEVELOPMENT
SYN_009386,DEVELOPMENT
SYN_009387,DEVELOPMENT
SYN_009388,DEVELOPMENT
SYN_009389,HOLDOUT
SYN_009390,DEVELOPMENT
SYN_009391,DEVELOPMENT
SYN_009392,DEVELOPMENT
SYN_009393,DEVELOPMENT
SYN_009394,DEVELOPMENT
SYN_009395,DEVELOPMENT
SYN_009396,DEVELOPMENT
SYN_009397,DEVELOPMENT
SYN_009398,HOLDOUT
SYN_009399,DEVELOPMENT
SYN_009400,DEVELOPMENT
SYN_009401,DEVELOPMENT
SYN_009402,DEVELOPMENT
SYN_009403,DEVELOPMENT
SYN_009404,DEVELOPMENT
SYN_009405,DEVELOPMENT
SYN_009406,DEVELOPMENT
SYN_009407,DEVELOPMENT
SYN_009408,DEVELOPMENT
SYN_009409,HOLDOUT
SYN_009410,DEVELOPMENT
SYN_009411,DEVELOPMENT
SYN_009412,HOLDOUT
SYN_009413,DEVELOPMENT
SYN_009414,HOLDOUT
SYN_009415,DEVELOPMENT
SYN_009416,HOLDOUT
SYN_009417,DEVELOPMENT
SYN_009418,DEVELOPMENT
SYN_009419,HOLDOUT
SYN_009420,DEVELOPMENT
SYN_009421,DEVELOPMENT
SYN_009422,DEVELOPMENT
SYN_009423,DEVELOPMENT
SYN_009424,DEVELOPMENT
SYN_009425,DEVELOPMENT
SYN_009426,DEVELOPMENT
SYN_009427,DEVELOPMENT
SYN_009428,DEVELOPMENT
SYN_009429,DEVELOPMENT
SYN_009430,DEVELOPMENT
SYN_009431,DEVELOPMENT
SYN_009432,DEVELOPMENT
SYN_009433,DEVELOPMENT
SYN_009434,DEVELOPMENT
SYN_009435,DEVELOPMENT
SYN_009436,DEVELOPMENT
SYN_009437,DEVELOPMENT
SYN_009438,DEVELOPMENT
SYN_009439,DEVELOPMENT
SYN_009440,DEVELOPMENT
SYN_009441,DEVELOPMENT
SYN_009442,DEVELOPMENT
SYN_009443,DEVELOPMENT
SYN_009444,DEVELOPMENT
SYN_009445,DEVELOPMENT
SYN_009446,HOLDOUT
SYN_009447,DEVELOPMENT
SYN_009448,DEVELOPMENT
SYN_009449,DEVELOPMENT
SYN_009450,DEVELOPMENT
SYN_009451,DEVELOPMENT
SYN_009452,DEVELOPMENT
SYN_009453,HOLDOUT
SYN_009454,HOLDOUT
SYN_009455,HOLDOUT
SYN_009456,DEVELOPMENT
SYN_009457,DEVELOPMENT
SYN_009458,DEVELOPMENT
SYN_009459,DEVELOPMENT
SYN_009460,DEVELOPMENT
SYN_009461,DEVELOPMENT
SYN_009462,DEVELOPMENT
SYN_009463,DEVELOPMENT
SYN_009464,DEVELOPMENT
SYN_009465,DEVELOPMENT
SYN_009466,DEVELOPMENT
SYN_009467,HOLDOUT
SYN_009468,DEVELOPMENT
SYN_009469,DEVELOPMENT
SYN_009470,HOLDOUT
SYN_009471,HOLDOUT
SYN_009472,DEVELOPMENT
SYN_009473,HOLDOUT
SYN_009474,HOLDOUT
SYN_009475,DEVELOPMENT
SYN_009476,DEVELOPMENT
SYN_009477,HOLDOUT
SYN_009478,HOLDOUT
SYN_009479,DEVELOPMENT
SYN_009480,DEVELOPMENT
SYN_009481,DEVELOPMENT
SYN_009482,HOLDOUT
SYN_009483,DEVELOPMENT
SYN_009484,DEVELOPMENT
SYN_009485,DEVELOPMENT
SYN_009486,DEVELOPMENT
SYN_009487,DEVELOPMENT
SYN_009488,HOLDOUT
SYN_009489,DEVELOPMENT
SYN_009490,DEVELOPMENT
SYN_009491,DEVELOPMENT
SYN_009492,DEVELOPMENT
SYN_009493,DEVELOPMENT
SYN_009494,DEVELOPMENT
SYN_009495,HOLDOUT
SYN_009496,DEVELOPMENT
SYN_009497,DEVELOPMENT
SYN_009498,DEVELOPMENT
SYN_009499,DEVELOPMENT
SYN_009500,DEVELOPMENT
SYN_009501,HOLDOUT
SYN_009502,DEVELOPMENT
SYN_009503,HOLDOUT
SYN_009504,DEVELOPMENT
SYN_009505,HOLDOUT
SYN_009506,HOLDOUT
SYN_009507,DEVELOPMENT
SYN_009508,DEVELOPMENT
SYN_009509,DEVELOPMENT
SYN_009510,DEVELOPMENT
SYN_009511,DEVELOPMENT
SYN_009512,HOLDOUT
SYN_009513,HOLDOUT
SYN_009514,DEVELOPMENT
SYN_009515,DEVELOPMENT
SYN_009516,DEVELOPMENT
SYN_009517,DEVELOPMENT
SYN_009518,DEVELOPMENT
SYN_009519,HOLDOUT
SYN_009520,DEVELOPMENT
SYN_009521,DEVELOPMENT
SYN_009522,DEVELOPMENT
SYN_009523,DEVELOPMENT
SYN_009524,HOLDOUT
SYN_009525,DEVELOPMENT
SYN_009526,DEVELOPMENT
SYN_009527,HOLDOUT
SYN_009528,DEVELOPMENT
SYN_009529,DEVELOPMENT
SYN_009530,DEVELOPMENT
SYN_009531,DEVELOPMENT
SYN_009532,DEVELOPMENT
SYN_009533,DEVELOPMENT
SYN_009534,DEVELOPMENT
SYN_009535,HOLDOUT
SYN_009536,HOLDOUT
SYN_009537,DEVELOPMENT
SYN_009538,HOLDOUT
SYN_009539,DEVELOPMENT
SYN_009540,DEVELOPMENT
SYN_009541,DEVELOPMENT
SYN_009542,DEVELOPMENT
SYN_009543,HOLDOUT
SYN_009544,DEVELOPMENT
SYN_009545,DEVELOPMENT
SYN_009546,HOLDOUT
SYN_009547,DEVELOPMENT
SYN_009548,DEVELOPMENT
SYN_009549,HOLDOUT
SYN_009550,DEVELOPMENT
SYN_009551,DEVELOPMENT
SYN_009552,DEVELOPMENT
SYN_009553,DEVELOPMENT
SYN_009554,HOLDOUT
SYN_009555,DEVELOPMENT
SYN_009556,DEVELOPMENT
SYN_009557,DEVELOPMENT
SYN_009558,DEVELOPMENT
SYN_009559,DEVELOPMENT
SYN_009560,DEVELOPMENT
SYN_009561,DEVELOPMENT
SYN_009562,DEVELOPMENT
SYN_009563,HOLDOUT
SYN_009564,DEVELOPMENT
SYN_009565,DEVELOPMENT
SYN_009566,DEVELOPMENT
SYN_009567,DEVELOPMENT
SYN_009568,DEVELOPMENT
SYN_009569,DEVELOPMENT
SYN_009570,DEVELOPMENT
SYN_009571,DEVELOPMENT
SYN_009572,HOLDOUT
SYN_009573,DEVELOPMENT
SYN_009574,DEVELOPMENT
SYN_009575,DEVELOPMENT
SYN_009576,DEVELOPMENT
SYN_009577,DEVELOPMENT
SYN_009578,HOLDOUT
SYN_009579,DEVELOPMENT
SYN_009580,DEVELOPMENT
SYN_009581,DEVELOPMENT
SYN_009582,DEVELOPMENT
SYN_009583,DEVELOPMENT
SYN_009584,HOLDOUT
SYN_009585,DEVELOPMENT
SYN_009586,DEVELOPMENT
SYN_009587,HOLDOUT
SYN_009588,DEVELOPMENT
SYN_009589,DEVELOPMENT
SYN_009590,DEVELOPMENT
SYN_009591,DEVELOPMENT
SYN_009592,DEVELOPMENT
SYN_009593,HOLDOUT
SYN_009594,DEVELOPMENT
SYN_009595,HOLDOUT
SYN_009596,DEVELOPMENT
SYN_009597,HOLDOUT
SYN_009598,DEVELOPMENT
SYN_009599,DEVELOPMENT
SYN_009600,DEVELOPMENT
SYN_009601,DEVELOPMENT
SYN_009602,DEVELOPMENT
SYN_009603,DEVELOPMENT
SYN_009604,DEVELOPMENT
SYN_009605,DEVELOPMENT
SYN_009606,HOLDOUT
SYN_009607,DEVELOPMENT
SYN_009608,DEVELOPMENT
SYN_009609,DEVELOPMENT
SYN_009610,DEVELOPMENT
SYN_009611,HOLDOUT
SYN_009612,HOLDOUT
SYN_009613,DEVELOPMENT
SYN_009614,DEVELOPMENT
SYN_009615,DEVELOPMENT
SYN_009616,DEVELOPMENT
SYN_009617,HOLDOUT
SYN_009618,DEVELOPMENT
SYN_009619,DEVELOPMENT
SYN_009620,DEVELOPMENT
SYN_009621,DEVELOPMENT
SYN_009622,DEVELOPMENT
SYN_009623,HOLDOUT
SYN_009624,DEVELOPMENT
SYN_009625,DEVELOPMENT
SYN_009626,DEVELOPMENT
SYN_009627,HOLDOUT
SYN_009628,DEVELOPMENT
SYN_009629,DEVELOPMENT
SYN_009630,DEVELOPMENT
SYN_009631,DEVELOPMENT
SYN_009632,DEVELOPMENT
SYN_009633,DEVELOPMENT
SYN_009634,DEVELOPMENT
SYN_009635,DEVELOPMENT
SYN_009636,DEVELOPMENT
SYN_009637,HOLDOUT
SYN_009638,DEVELOPMENT
SYN_009639,HOLDOUT
SYN_009640,DEVELOPMENT
SYN_009641,DEVELOPMENT
SYN_009642,HOLDOUT
SYN_009643,DEVELOPMENT
SYN_009644,DEVELOPMENT
SYN_009645,HOLDOUT
SYN_009646,DEVELOPMENT
SYN_009647,DEVELOPMENT
SYN_009648,DEVELOPMENT
SYN_009649,DEVELOPMENT
SYN_009650,DEVELOPMENT
SYN_009651,HOLDOUT
SYN_009652,DEVELOPMENT
SYN_009653,DEVELOPMENT
SYN_009654,DEVELOPMENT
SYN_009655,DEVELOPMENT
SYN_009656,DEVELOPMENT
SYN_009657,DEVELOPMENT
SYN_009658,DEVELOPMENT
SYN_009659,DEVELOPMENT
SYN_009660,HOLDOUT
SYN_009661,DEVELOPMENT
SYN_009662,DEVELOPMENT
SYN_009663,DEVELOPMENT
SYN_009664,DEVELOPMENT
SYN_009665,DEVELOPMENT
SYN_009666,HOLDOUT
SYN_009667,DEVELOPMENT
SYN_009668,DEVELOPMENT
SYN_009669,HOLDOUT
SYN_009670,DEVELOPMENT
SYN_009671,HOLDOUT
SYN_009672,DEVELOPMENT
SYN_009673,DEVELOPMENT
SYN_009674,DEVELOPMENT
SYN_009675,DEVELOPMENT
SYN_009676,DEVELOPMENT
SYN_009677,DEVELOPMENT
SYN_009678,DEVELOPMENT
SYN_009679,DEVELOPMENT
SYN_009680,DEVELOPMENT
SYN_009681,DEVELOPMENT
SYN_009682,DEVELOPMENT
SYN_009683,DEVELOPMENT
SYN_009684,DEVELOPMENT
SYN_009685,DEVELOPMENT
SYN_009686,DEVELOPMENT
SYN_009687,DEVELOPMENT
SYN_009688,DEVELOPMENT
SYN_009689,DEVELOPMENT
SYN_009690,DEVELOPMENT
SYN_009691,HOLDOUT
SYN_009692,DEVELOPMENT
SYN_009693,DEVELOPMENT
SYN_009694,HOLDOUT
SYN_009695,DEVELOPMENT
SYN_009696,DEVELOPMENT
SYN_009697,DEVELOPMENT
SYN_009698,DEVELOPMENT
SYN_009699,DEVELOPMENT
SYN_009700,DEVELOPMENT
SYN_009701,DEVELOPMENT
SYN_009702,DEVELOPMENT
SYN_009703,DEVELOPMENT
SYN_009704,DEVELOPMENT
SYN_009705,HOLDOUT
SYN_009706,HOLDOUT
SYN_009707,HOLDOUT
SYN_009708,HOLDOUT
SYN_009709,HOLDOUT
SYN_009710,DEVELOPMENT
SYN_009711,HOLDOUT
SYN_009712,DEVELOPMENT
SYN_009713,DEVELOPMENT
SYN_009714,DEVELOPMENT
SYN_009715,DEVELOPMENT
SYN_009716,DEVELOPMENT
SYN_009717,DEVELOPMENT
SYN_009718,DEVELOPMENT
SYN_009719,DEVELOPMENT
SYN_009720,DEVELOPMENT
SYN_009721,DEVELOPMENT
SYN_009722,DEVELOPMENT
SYN_009723,DEVELOPMENT
SYN_009724,DEVELOPMENT
SYN_009725,DEVELOPMENT
SYN_009726,DEVELOPMENT
SYN_009727,DEVELOPMENT
SYN_009728,DEVELOPMENT
SYN_009729,DEVELOPMENT
SYN_009730,HOLDOUT
SYN_009731,DEVELOPMENT
SYN_009732,DEVELOPMENT
SYN_009733,DEVELOPMENT
SYN_009734,DEVELOPMENT
SYN_009735,DEVELOPMENT
SYN_009736,HOLDOUT
SYN_009737,DEVELOPMENT
SYN_009738,HOLDOUT
SYN_009739,HOLDOUT
SYN_009740,DEVELOPMENT
SYN_009741,DEVELOPMENT
SYN_009742,DEVELOPMENT
SYN_009743,HOLDOUT
SYN_009744,DEVELOPMENT
SYN_009745,DEVELOPMENT
SYN_009746,DEVELOPMENT
SYN_009747,HOLDOUT
SYN_009748,DEVELOPMENT
SYN_009749,DEVELOPMENT
SYN_009750,HOLDOUT
SYN_009751,DEVELOPMENT
SYN_009752,DEVELOPMENT
SYN_009753,HOLDOUT
SYN_009754,DEVELOPMENT
SYN_009755,DEVELOPMENT
SYN_009756,DEVELOPMENT
SYN_009757,HOLDOUT
SYN_009758,DEVELOPMENT
SYN_009759,DEVELOPMENT
SYN_009760,DEVELOPMENT
SYN_009761,DEVELOPMENT
SYN_009762,DEVELOPMENT
SYN_009763,DEVELOPMENT
SYN_009764,DEVELOPMENT
SYN_009765,DEVELOPMENT
SYN_009766,DEVELOPMENT
SYN_009767,DEVELOPMENT
SYN_009768,DEVELOPMENT
SYN_009769,HOLDOUT
SYN_009770,DEVELOPMENT
SYN_009771,DEVELOPMENT
SYN_009772,DEVELOPMENT
SYN_009773,DEVELOPMENT
SYN_009774,HOLDOUT
SYN_009775,DEVELOPMENT
SYN_009776,DEVELOPMENT
SYN_009777,DEVELOPMENT
SYN_009778,DEVELOPMENT
SYN_009779,DEVELOPMENT
SYN_009780,DEVELOPMENT
SYN_009781,DEVELOPMENT
SYN_009782,DEVELOPMENT
SYN_009783,DEVELOPMENT
SYN_009784,DEVELOPMENT
SYN_009785,DEVELOPMENT
SYN_009786,DEVELOPMENT
SYN_009787,DEVELOPMENT
SYN_009788,DEVELOPMENT
SYN_009789,HOLDOUT
SYN_009790,HOLDOUT
SYN_009791,DEVELOPMENT
SYN_009792,DEVELOPMENT
SYN_009793,DEVELOPMENT
SYN_009794,DEVELOPMENT
SYN_009795,HOLDOUT
SYN_009796,HOLDOUT
SYN_009797,DEVELOPMENT
SYN_009798,DEVELOPMENT
SYN_009799,DEVELOPMENT
SYN_009800,DEVELOPMENT
SYN_009801,DEVELOPMENT
SYN_009802,DEVELOPMENT
SYN_009803,DEVELOPMENT
SYN_009804,DEVELOPMENT
SYN_009805,HOLDOUT
SYN_009806,DEVELOPMENT
SYN_009807,DEVELOPMENT
SYN_009808,DEVELOPMENT
SYN_009809,DEVELOPMENT
SYN_009810,DEVELOPMENT
SYN_009811,DEVELOPMENT
SYN_009812,DEVELOPMENT
SYN_009813,DEVELOPMENT
SYN_009814,DEVELOPMENT
SYN_009815,DEVELOPMENT
SYN_009816,DEVELOPMENT
SYN_009817,DEVELOPMENT
SYN_009818,DEVELOPMENT
SYN_009819,DEVELOPMENT
SYN_009820,DEVELOPMENT
SYN_009821,DEVELOPMENT
SYN_009822,DEVELOPMENT
SYN_009823,DEVELOPMENT
SYN_009824,DEVELOPMENT
SYN_009825,DEVELOPMENT
SYN_009826,DEVELOPMENT
SYN_009827,DEVELOPMENT
SYN_009828,DEVELOPMENT
SYN_009829,DEVELOPMENT
SYN_009830,HOLDOUT
SYN_009831,DEVELOPMENT
SYN_009832,DEVELOPMENT
SYN_009833,DEVELOPMENT
SYN_009834,DEVELOPMENT
SYN_009835,DEVELOPMENT
SYN_009836,DEVELOPMENT
SYN_009837,DEVELOPMENT
SYN_009838,DEVELOPMENT
SYN_009839,DEVELOPMENT
SYN_009840,HOLDOUT
SYN_009841,DEVELOPMENT
SYN_009842,DEVELOPMENT
SYN_009843,DEVELOPMENT
SYN_009844,DEVELOPMENT
SYN_009845,DEVELOPMENT
SYN_009846,HOLDOUT
SYN_009847,DEVELOPMENT
SYN_009848,DEVELOPMENT
SYN_009849,DEVELOPMENT
SYN_009850,DEVELOPMENT
SYN_009851,DEVELOPMENT
SYN_009852,DEVELOPMENT
SYN_009853,HOLDOUT
SYN_009854,DEVELOPMENT
SYN_009855,DEVELOPMENT
SYN_009856,DEVELOPMENT
SYN_009857,DEVELOPMENT
SYN_009858,DEVELOPMENT
SYN_009859,DEVELOPMENT
SYN_009860,DEVELOPMENT
SYN_009861,DEVELOPMENT
SYN_009862,DEVELOPMENT
SYN_009863,DEVELOPMENT
SYN_009864,DEVELOPMENT
SYN_009865,DEVELOPMENT
SYN_009866,DEVELOPMENT
SYN_009867,DEVELOPMENT
SYN_009868,DEVELOPMENT
SYN_009869,DEVELOPMENT
SYN_009870,DEVELOPMENT
SYN_009871,DEVELOPMENT
SYN_009872,DEVELOPMENT
SYN_009873,DEVELOPMENT
SYN_009874,HOLDOUT
SYN_009875,DEVELOPMENT
SYN_009876,DEVELOPMENT
SYN_009877,DEVELOPMENT
SYN_009878,HOLDOUT
SYN_009879,DEVELOPMENT
SYN_009880,DEVELOPMENT
SYN_009881,DEVELOPMENT
SYN_009882,DEVELOPMENT
SYN_009883,DEVELOPMENT
SYN_009884,DEVELOPMENT
SYN_009885,DEVELOPMENT
SYN_009886,DEVELOPMENT
SYN_009887,DEVELOPMENT
SYN_009888,DEVELOPMENT
SYN_009889,HOLDOUT
SYN_009890,HOLDOUT
SYN_009891,DEVELOPMENT
SYN_009892,HOLDOUT
SYN_009893,DEVELOPMENT
SYN_009894,DEVELOPMENT
SYN_009895,DEVELOPMENT
SYN_009896,DEVELOPMENT
SYN_009897,DEVELOPMENT
SYN_009898,DEVELOPMENT
SYN_009899,DEVELOPMENT
SYN_009900,DEVELOPMENT
SYN_009901,DEVELOPMENT
SYN_009902,DEVELOPMENT
SYN_009903,DEVELOPMENT
SYN_009904,DEVELOPMENT
SYN_009905,DEVELOPMENT
SYN_009906,DEVELOPMENT
SYN_009907,DEVELOPMENT
SYN_009908,DEVELOPMENT
SYN_009909,DEVELOPMENT
SYN_009910,HOLDOUT
SYN_009911,DEVELOPMENT
SYN_009912,DEVELOPMENT
SYN_009913,DEVELOPMENT
SYN_009914,HOLDOUT
SYN_009915,DEVELOPMENT
SYN_009916,DEVELOPMENT
SYN_009917,DEVELOPMENT
SYN_009918,DEVELOPMENT
SYN_009919,DEVELOPMENT
SYN_009920,DEVELOPMENT
SYN_009921,HOLDOUT
SYN_009922,DEVELOPMENT
SYN_009923,DEVELOPMENT
SYN_009924,DEVELOPMENT
SYN_009925,DEVELOPMENT
SYN_009926,DEVELOPMENT
SYN_009927,DEVELOPMENT
SYN_009928,DEVELOPMENT
SYN_009929,DEVELOPMENT
SYN_009930,DEVELOPMENT
SYN_009931,DEVELOPMENT
SYN_009932,HOLDOUT
SYN_009933,DEVELOPMENT
SYN_009934,HOLDOUT
SYN_009935,DEVELOPMENT
SYN_009936,DEVELOPMENT
SYN_009937,DEVELOPMENT
SYN_009938,DEVELOPMENT
SYN_009939,HOLDOUT
SYN_009940,DEVELOPMENT
SYN_009941,DEVELOPMENT
SYN_009942,DEVELOPMENT
SYN_009943,DEVELOPMENT
SYN_009944,HOLDOUT
SYN_009945,HOLDOUT
SYN_009946,HOLDOUT
SYN_009947,DEVELOPMENT
SYN_009948,DEVELOPMENT
SYN_009949,HOLDOUT
SYN_009950,DEVELOPMENT
SYN_009951,DEVELOPMENT
SYN_009952,DEVELOPMENT
SYN_009953,HOLDOUT
SYN_009954,DEVELOPMENT
SYN_009955,DEVELOPMENT
SYN_009956,DEVELOPMENT
SYN_009957,HOLDOUT
SYN_009958,DEVELOPMENT
SYN_009959,HOLDOUT
SYN_009960,DEVELOPMENT
SYN_009961,DEVELOPMENT
SYN_009962,DEVELOPMENT
SYN_009963,DEVELOPMENT
SYN_009964,DEVELOPMENT
SYN_009965,DEVELOPMENT
SYN_009966,DEVELOPMENT
SYN_009967,DEVELOPMENT
SYN_009968,DEVELOPMENT
SYN_009969,DEVELOPMENT
SYN_009970,HOLDOUT
SYN_009971,DEVELOPMENT
SYN_009972,DEVELOPMENT
SYN_009973,DEVELOPMENT
SYN_009974,HOLDOUT
SYN_009975,DEVELOPMENT
SYN_009976,DEVELOPMENT
SYN_009977,HOLDOUT
SYN_009978,DEVELOPMENT
SYN_009979,DEVELOPMENT
SYN_009980,DEVELOPMENT
SYN_009981,DEVELOPMENT
SYN_009982,DEVELOPMENT
SYN_009983,DEVELOPMENT
SYN_009984,DEVELOPMENT
SYN_009985,DEVELOPMENT
SYN_009986,DEVELOPMENT
SYN_009987,DEVELOPMENT
SYN_009988,DEVELOPMENT
SYN_009989,DEVELOPMENT
SYN_009990,DEVELOPMENT
SYN_009991,DEVELOPMENT
SYN_009992,DEVELOPMENT
SYN_009993,HOLDOUT
SYN_009994,DEVELOPMENT
SYN_009995,DEVELOPMENT
SYN_009996,DEVELOPMENT
SYN_009997,DEVELOPMENT
SYN_009998,HOLDOUT
SYN_009999,DEVELOPMENT
SYN_010000,DEVELOPMENT
